-- MySQL dump 10.13  Distrib 5.1.47, for redhat-linux-gnu (x86_64)
--
-- Host: localhost    Database: trust
-- ------------------------------------------------------
-- Server version	5.1.47

/*!40101 SET @OLD_CHARACTER_SET_CLIENT=@@CHARACTER_SET_CLIENT */;
/*!40101 SET @OLD_CHARACTER_SET_RESULTS=@@CHARACTER_SET_RESULTS */;
/*!40101 SET @OLD_COLLATION_CONNECTION=@@COLLATION_CONNECTION */;
/*!40101 SET NAMES utf8 */;
/*!40103 SET @OLD_TIME_ZONE=@@TIME_ZONE */;
/*!40103 SET TIME_ZONE='+00:00' */;
/*!40014 SET @OLD_UNIQUE_CHECKS=@@UNIQUE_CHECKS, UNIQUE_CHECKS=0 */;
/*!40014 SET @OLD_FOREIGN_KEY_CHECKS=@@FOREIGN_KEY_CHECKS, FOREIGN_KEY_CHECKS=0 */;
/*!40101 SET @OLD_SQL_MODE=@@SQL_MODE, SQL_MODE='NO_AUTO_VALUE_ON_ZERO' */;
/*!40111 SET @OLD_SQL_NOTES=@@SQL_NOTES, SQL_NOTES=0 */;

--
-- Table structure for table `agent_has_beliefs`
--

DROP TABLE IF EXISTS `agent_has_beliefs`;
/*!40101 SET @saved_cs_client     = @@character_set_client */;
/*!40101 SET character_set_client = utf8 */;
CREATE TABLE `agent_has_beliefs` (
  `agentBeliefID` int(11) NOT NULL AUTO_INCREMENT,
  `agentID` int(11) NOT NULL,
  `beliefID` int(11) NOT NULL,
  `level` decimal(18,2) NOT NULL,
  `isInferred` smallint(6) NOT NULL,
  `sessionID` varchar(45) NOT NULL,
  `timestep` int(11) NOT NULL,
  PRIMARY KEY (`agentBeliefID`,`timestep`,`sessionID`)
) ENGINE=InnoDB AUTO_INCREMENT=689 DEFAULT CHARSET=latin1;
/*!40101 SET character_set_client = @saved_cs_client */;

--
-- Dumping data for table `agent_has_beliefs`
--

LOCK TABLES `agent_has_beliefs` WRITE;
/*!40000 ALTER TABLE `agent_has_beliefs` DISABLE KEYS */;
INSERT INTO `agent_has_beliefs` VALUES (433,6,92,'1.00',0,'14cc1826-27a7-11e3-b999-00238b8a45d8',1),(434,6,93,'1.00',0,'14cc1826-27a7-11e3-b999-00238b8a45d8',1),(435,7,94,'0.50',0,'14cc1826-27a7-11e3-b999-00238b8a45d8',1),(436,7,95,'0.50',0,'14cc1826-27a7-11e3-b999-00238b8a45d8',1),(437,7,96,'0.50',0,'14cc1826-27a7-11e3-b999-00238b8a45d8',1),(438,7,97,'0.50',0,'14cc1826-27a7-11e3-b999-00238b8a45d8',1),(439,6,98,'1.00',0,'14cc1826-27a7-11e3-b999-00238b8a45d8',1),(440,6,99,'1.00',0,'14cc1826-27a7-11e3-b999-00238b8a45d8',1),(441,7,100,'0.50',0,'14cc1826-27a7-11e3-b999-00238b8a45d8',1),(442,8,92,'1.00',1,'14cc1826-27a7-11e3-b999-00238b8a45d8',1),(443,8,93,'1.00',1,'14cc1826-27a7-11e3-b999-00238b8a45d8',1),(444,8,94,'0.50',1,'14cc1826-27a7-11e3-b999-00238b8a45d8',1),(445,8,95,'0.50',1,'14cc1826-27a7-11e3-b999-00238b8a45d8',1),(446,8,96,'0.50',1,'14cc1826-27a7-11e3-b999-00238b8a45d8',1),(447,8,97,'0.50',1,'14cc1826-27a7-11e3-b999-00238b8a45d8',1),(448,8,98,'1.00',1,'14cc1826-27a7-11e3-b999-00238b8a45d8',1),(449,8,99,'1.00',1,'14cc1826-27a7-11e3-b999-00238b8a45d8',1),(450,8,100,'0.50',1,'14cc1826-27a7-11e3-b999-00238b8a45d8',1),(451,6,92,'1.00',0,'2c5bb05a-27ac-11e3-9aa3-00238b8a45d8',1),(452,6,101,'1.00',0,'2c5bb05a-27ac-11e3-9aa3-00238b8a45d8',1),(453,7,102,'0.50',0,'2c5bb05a-27ac-11e3-9aa3-00238b8a45d8',1),(454,7,103,'0.50',0,'2c5bb05a-27ac-11e3-9aa3-00238b8a45d8',1),(455,7,104,'0.50',0,'2c5bb05a-27ac-11e3-9aa3-00238b8a45d8',1),(456,7,97,'0.50',0,'2c5bb05a-27ac-11e3-9aa3-00238b8a45d8',1),(457,6,98,'1.00',0,'2c5bb05a-27ac-11e3-9aa3-00238b8a45d8',1),(458,6,105,'1.00',0,'2c5bb05a-27ac-11e3-9aa3-00238b8a45d8',1),(459,7,100,'0.50',0,'2c5bb05a-27ac-11e3-9aa3-00238b8a45d8',1),(460,8,92,'1.00',1,'2c5bb05a-27ac-11e3-9aa3-00238b8a45d8',1),(461,8,101,'1.00',1,'2c5bb05a-27ac-11e3-9aa3-00238b8a45d8',1),(462,8,102,'0.50',1,'2c5bb05a-27ac-11e3-9aa3-00238b8a45d8',1),(463,8,103,'0.50',1,'2c5bb05a-27ac-11e3-9aa3-00238b8a45d8',1),(464,8,104,'0.50',1,'2c5bb05a-27ac-11e3-9aa3-00238b8a45d8',1),(465,8,97,'0.50',1,'2c5bb05a-27ac-11e3-9aa3-00238b8a45d8',1),(466,8,98,'1.00',1,'2c5bb05a-27ac-11e3-9aa3-00238b8a45d8',1),(467,8,105,'1.00',1,'2c5bb05a-27ac-11e3-9aa3-00238b8a45d8',1),(468,8,100,'0.50',1,'2c5bb05a-27ac-11e3-9aa3-00238b8a45d8',1),(469,6,92,'1.00',0,'3758a0ca-27ad-11e3-9aa3-00238b8a45d8',1),(470,6,106,'1.00',0,'3758a0ca-27ad-11e3-9aa3-00238b8a45d8',1),(471,7,107,'0.50',0,'3758a0ca-27ad-11e3-9aa3-00238b8a45d8',1),(472,7,108,'0.50',0,'3758a0ca-27ad-11e3-9aa3-00238b8a45d8',1),(473,7,109,'0.50',0,'3758a0ca-27ad-11e3-9aa3-00238b8a45d8',1),(474,7,97,'0.50',0,'3758a0ca-27ad-11e3-9aa3-00238b8a45d8',1),(475,6,98,'1.00',0,'3758a0ca-27ad-11e3-9aa3-00238b8a45d8',1),(476,6,110,'1.00',0,'3758a0ca-27ad-11e3-9aa3-00238b8a45d8',1),(477,7,100,'0.50',0,'3758a0ca-27ad-11e3-9aa3-00238b8a45d8',1),(478,8,92,'1.00',1,'3758a0ca-27ad-11e3-9aa3-00238b8a45d8',1),(479,8,106,'1.00',1,'3758a0ca-27ad-11e3-9aa3-00238b8a45d8',1),(480,8,107,'0.50',1,'3758a0ca-27ad-11e3-9aa3-00238b8a45d8',1),(481,8,108,'0.50',1,'3758a0ca-27ad-11e3-9aa3-00238b8a45d8',1),(482,8,109,'0.50',1,'3758a0ca-27ad-11e3-9aa3-00238b8a45d8',1),(483,8,97,'0.50',1,'3758a0ca-27ad-11e3-9aa3-00238b8a45d8',1),(484,8,98,'1.00',1,'3758a0ca-27ad-11e3-9aa3-00238b8a45d8',1),(485,8,110,'1.00',1,'3758a0ca-27ad-11e3-9aa3-00238b8a45d8',1),(486,8,100,'0.50',1,'3758a0ca-27ad-11e3-9aa3-00238b8a45d8',1),(487,6,92,'1.00',0,'ba734cf2-27ae-11e3-9aa3-00238b8a45d8',1),(488,6,111,'1.00',0,'ba734cf2-27ae-11e3-9aa3-00238b8a45d8',1),(489,7,112,'0.50',0,'ba734cf2-27ae-11e3-9aa3-00238b8a45d8',1),(490,7,113,'0.50',0,'ba734cf2-27ae-11e3-9aa3-00238b8a45d8',1),(491,7,114,'0.50',0,'ba734cf2-27ae-11e3-9aa3-00238b8a45d8',1),(492,7,97,'0.50',0,'ba734cf2-27ae-11e3-9aa3-00238b8a45d8',1),(493,6,98,'1.00',0,'ba734cf2-27ae-11e3-9aa3-00238b8a45d8',1),(494,6,115,'1.00',0,'ba734cf2-27ae-11e3-9aa3-00238b8a45d8',1),(495,7,100,'0.50',0,'ba734cf2-27ae-11e3-9aa3-00238b8a45d8',1),(496,8,92,'1.00',1,'ba734cf2-27ae-11e3-9aa3-00238b8a45d8',1),(497,8,111,'1.00',1,'ba734cf2-27ae-11e3-9aa3-00238b8a45d8',1),(498,8,112,'0.50',1,'ba734cf2-27ae-11e3-9aa3-00238b8a45d8',1),(499,8,113,'0.50',1,'ba734cf2-27ae-11e3-9aa3-00238b8a45d8',1),(500,8,114,'0.50',1,'ba734cf2-27ae-11e3-9aa3-00238b8a45d8',1),(501,8,97,'0.50',1,'ba734cf2-27ae-11e3-9aa3-00238b8a45d8',1),(502,8,98,'1.00',1,'ba734cf2-27ae-11e3-9aa3-00238b8a45d8',1),(503,8,115,'1.00',1,'ba734cf2-27ae-11e3-9aa3-00238b8a45d8',1),(504,8,100,'0.50',1,'ba734cf2-27ae-11e3-9aa3-00238b8a45d8',1),(505,6,92,'1.00',0,'14ec2874-27b0-11e3-9aa3-00238b8a45d8',1),(506,6,116,'1.00',0,'14ec2874-27b0-11e3-9aa3-00238b8a45d8',1),(507,7,117,'0.50',0,'14ec2874-27b0-11e3-9aa3-00238b8a45d8',1),(508,7,118,'0.50',0,'14ec2874-27b0-11e3-9aa3-00238b8a45d8',1),(509,7,119,'0.50',0,'14ec2874-27b0-11e3-9aa3-00238b8a45d8',1),(510,7,97,'0.50',0,'14ec2874-27b0-11e3-9aa3-00238b8a45d8',1),(511,6,98,'1.00',0,'14ec2874-27b0-11e3-9aa3-00238b8a45d8',1),(512,6,120,'1.00',0,'14ec2874-27b0-11e3-9aa3-00238b8a45d8',1),(513,7,100,'0.50',0,'14ec2874-27b0-11e3-9aa3-00238b8a45d8',1),(514,8,92,'1.00',1,'14ec2874-27b0-11e3-9aa3-00238b8a45d8',1),(515,8,116,'1.00',1,'14ec2874-27b0-11e3-9aa3-00238b8a45d8',1),(516,8,117,'0.50',1,'14ec2874-27b0-11e3-9aa3-00238b8a45d8',1),(517,8,118,'0.50',1,'14ec2874-27b0-11e3-9aa3-00238b8a45d8',1),(518,8,119,'0.50',1,'14ec2874-27b0-11e3-9aa3-00238b8a45d8',1),(519,8,97,'0.50',1,'14ec2874-27b0-11e3-9aa3-00238b8a45d8',1),(520,8,98,'1.00',1,'14ec2874-27b0-11e3-9aa3-00238b8a45d8',1),(521,8,120,'1.00',1,'14ec2874-27b0-11e3-9aa3-00238b8a45d8',1),(522,8,100,'0.50',1,'14ec2874-27b0-11e3-9aa3-00238b8a45d8',1),(523,6,92,'1.00',0,'7f2361f2-27b1-11e3-9aa3-00238b8a45d8',1),(524,6,121,'1.00',0,'7f2361f2-27b1-11e3-9aa3-00238b8a45d8',1),(525,7,122,'0.50',0,'7f2361f2-27b1-11e3-9aa3-00238b8a45d8',1),(526,7,123,'0.50',0,'7f2361f2-27b1-11e3-9aa3-00238b8a45d8',1),(527,7,124,'0.50',0,'7f2361f2-27b1-11e3-9aa3-00238b8a45d8',1),(528,7,97,'0.50',0,'7f2361f2-27b1-11e3-9aa3-00238b8a45d8',1),(529,6,98,'1.00',0,'7f2361f2-27b1-11e3-9aa3-00238b8a45d8',1),(530,6,125,'1.00',0,'7f2361f2-27b1-11e3-9aa3-00238b8a45d8',1),(531,7,100,'0.50',0,'7f2361f2-27b1-11e3-9aa3-00238b8a45d8',1),(532,8,92,'1.00',1,'7f2361f2-27b1-11e3-9aa3-00238b8a45d8',1),(533,8,121,'1.00',1,'7f2361f2-27b1-11e3-9aa3-00238b8a45d8',1),(534,8,122,'0.50',1,'7f2361f2-27b1-11e3-9aa3-00238b8a45d8',1),(535,8,123,'0.50',1,'7f2361f2-27b1-11e3-9aa3-00238b8a45d8',1),(536,8,124,'0.50',1,'7f2361f2-27b1-11e3-9aa3-00238b8a45d8',1),(537,8,97,'0.50',1,'7f2361f2-27b1-11e3-9aa3-00238b8a45d8',1),(538,8,98,'1.00',1,'7f2361f2-27b1-11e3-9aa3-00238b8a45d8',1),(539,8,125,'1.00',1,'7f2361f2-27b1-11e3-9aa3-00238b8a45d8',1),(540,8,100,'0.50',1,'7f2361f2-27b1-11e3-9aa3-00238b8a45d8',1),(541,6,92,'1.00',0,'8e33855a-27b1-11e3-9aa3-00238b8a45d8',1),(542,6,126,'1.00',0,'8e33855a-27b1-11e3-9aa3-00238b8a45d8',1),(543,7,127,'0.50',0,'8e33855a-27b1-11e3-9aa3-00238b8a45d8',1),(544,7,128,'0.50',0,'8e33855a-27b1-11e3-9aa3-00238b8a45d8',1),(545,7,129,'0.50',0,'8e33855a-27b1-11e3-9aa3-00238b8a45d8',1),(546,7,97,'0.50',0,'8e33855a-27b1-11e3-9aa3-00238b8a45d8',1),(547,6,98,'1.00',0,'8e33855a-27b1-11e3-9aa3-00238b8a45d8',1),(548,6,130,'1.00',0,'8e33855a-27b1-11e3-9aa3-00238b8a45d8',1),(549,7,100,'0.50',0,'8e33855a-27b1-11e3-9aa3-00238b8a45d8',1),(550,8,92,'1.00',1,'8e33855a-27b1-11e3-9aa3-00238b8a45d8',1),(551,8,126,'1.00',1,'8e33855a-27b1-11e3-9aa3-00238b8a45d8',1),(552,8,127,'0.50',1,'8e33855a-27b1-11e3-9aa3-00238b8a45d8',1),(553,8,128,'0.50',1,'8e33855a-27b1-11e3-9aa3-00238b8a45d8',1),(554,8,129,'0.50',1,'8e33855a-27b1-11e3-9aa3-00238b8a45d8',1),(555,8,97,'0.50',1,'8e33855a-27b1-11e3-9aa3-00238b8a45d8',1),(556,8,98,'1.00',1,'8e33855a-27b1-11e3-9aa3-00238b8a45d8',1),(557,8,130,'1.00',1,'8e33855a-27b1-11e3-9aa3-00238b8a45d8',1),(558,8,100,'0.50',1,'8e33855a-27b1-11e3-9aa3-00238b8a45d8',1),(559,6,92,'1.00',0,'853c2186-27b2-11e3-9aa3-00238b8a45d8',1),(560,6,131,'1.00',0,'853c2186-27b2-11e3-9aa3-00238b8a45d8',1),(561,7,132,'0.50',0,'853c2186-27b2-11e3-9aa3-00238b8a45d8',1),(562,7,133,'0.50',0,'853c2186-27b2-11e3-9aa3-00238b8a45d8',1),(563,7,134,'0.50',0,'853c2186-27b2-11e3-9aa3-00238b8a45d8',1),(564,7,97,'0.50',0,'853c2186-27b2-11e3-9aa3-00238b8a45d8',1),(565,6,98,'1.00',0,'853c2186-27b2-11e3-9aa3-00238b8a45d8',1),(566,6,135,'1.00',0,'853c2186-27b2-11e3-9aa3-00238b8a45d8',1),(567,7,100,'0.50',0,'853c2186-27b2-11e3-9aa3-00238b8a45d8',1),(568,8,92,'1.00',1,'853c2186-27b2-11e3-9aa3-00238b8a45d8',1),(569,8,131,'1.00',1,'853c2186-27b2-11e3-9aa3-00238b8a45d8',1),(570,8,132,'0.50',1,'853c2186-27b2-11e3-9aa3-00238b8a45d8',1),(571,8,133,'0.50',1,'853c2186-27b2-11e3-9aa3-00238b8a45d8',1),(572,8,134,'0.50',1,'853c2186-27b2-11e3-9aa3-00238b8a45d8',1),(573,8,97,'0.50',1,'853c2186-27b2-11e3-9aa3-00238b8a45d8',1),(574,8,98,'1.00',1,'853c2186-27b2-11e3-9aa3-00238b8a45d8',1),(575,8,135,'1.00',1,'853c2186-27b2-11e3-9aa3-00238b8a45d8',1),(576,8,100,'0.50',1,'853c2186-27b2-11e3-9aa3-00238b8a45d8',1),(577,6,92,'1.00',0,'c3030178-27b3-11e3-9aa3-00238b8a45d8',1),(578,6,136,'1.00',0,'c3030178-27b3-11e3-9aa3-00238b8a45d8',1),(579,7,137,'0.50',0,'c3030178-27b3-11e3-9aa3-00238b8a45d8',1),(580,7,138,'0.50',0,'c3030178-27b3-11e3-9aa3-00238b8a45d8',1),(581,7,139,'0.50',0,'c3030178-27b3-11e3-9aa3-00238b8a45d8',1),(582,7,97,'0.50',0,'c3030178-27b3-11e3-9aa3-00238b8a45d8',1),(583,6,98,'1.00',0,'c3030178-27b3-11e3-9aa3-00238b8a45d8',1),(584,6,140,'1.00',0,'c3030178-27b3-11e3-9aa3-00238b8a45d8',1),(585,7,100,'0.50',0,'c3030178-27b3-11e3-9aa3-00238b8a45d8',1),(586,8,92,'1.00',1,'c3030178-27b3-11e3-9aa3-00238b8a45d8',1),(587,8,136,'1.00',1,'c3030178-27b3-11e3-9aa3-00238b8a45d8',1),(588,8,137,'0.50',1,'c3030178-27b3-11e3-9aa3-00238b8a45d8',1),(589,8,138,'0.50',1,'c3030178-27b3-11e3-9aa3-00238b8a45d8',1),(590,8,139,'0.50',1,'c3030178-27b3-11e3-9aa3-00238b8a45d8',1),(591,8,97,'0.50',1,'c3030178-27b3-11e3-9aa3-00238b8a45d8',1),(592,8,98,'1.00',1,'c3030178-27b3-11e3-9aa3-00238b8a45d8',1),(593,8,140,'1.00',1,'c3030178-27b3-11e3-9aa3-00238b8a45d8',1),(594,8,100,'0.50',1,'c3030178-27b3-11e3-9aa3-00238b8a45d8',1),(595,6,92,'1.00',0,'b77c6a3c-27b4-11e3-9aa3-00238b8a45d8',1),(596,6,141,'1.00',0,'b77c6a3c-27b4-11e3-9aa3-00238b8a45d8',1),(597,7,142,'0.50',0,'b77c6a3c-27b4-11e3-9aa3-00238b8a45d8',1),(598,7,143,'0.50',0,'b77c6a3c-27b4-11e3-9aa3-00238b8a45d8',1),(599,7,144,'0.50',0,'b77c6a3c-27b4-11e3-9aa3-00238b8a45d8',1),(600,7,97,'0.50',0,'b77c6a3c-27b4-11e3-9aa3-00238b8a45d8',1),(601,6,98,'1.00',0,'b77c6a3c-27b4-11e3-9aa3-00238b8a45d8',1),(602,6,145,'1.00',0,'b77c6a3c-27b4-11e3-9aa3-00238b8a45d8',1),(603,7,100,'0.50',0,'b77c6a3c-27b4-11e3-9aa3-00238b8a45d8',1),(631,8,92,'1.00',1,'b77c6a3c-27b4-11e3-9aa3-00238b8a45d8',1),(632,8,141,'1.00',1,'b77c6a3c-27b4-11e3-9aa3-00238b8a45d8',1),(633,8,142,'0.50',1,'b77c6a3c-27b4-11e3-9aa3-00238b8a45d8',1),(634,8,143,'0.50',1,'b77c6a3c-27b4-11e3-9aa3-00238b8a45d8',1),(635,8,144,'0.50',1,'b77c6a3c-27b4-11e3-9aa3-00238b8a45d8',1),(636,8,97,'0.50',1,'b77c6a3c-27b4-11e3-9aa3-00238b8a45d8',1),(637,8,98,'1.00',1,'b77c6a3c-27b4-11e3-9aa3-00238b8a45d8',1),(638,8,145,'1.00',1,'b77c6a3c-27b4-11e3-9aa3-00238b8a45d8',1),(639,8,100,'0.50',1,'b77c6a3c-27b4-11e3-9aa3-00238b8a45d8',1),(640,6,92,'1.00',0,'872eab26-27bc-11e3-9aa3-00238b8a45d8',1),(641,6,146,'1.00',0,'872eab26-27bc-11e3-9aa3-00238b8a45d8',1),(642,7,147,'0.50',0,'872eab26-27bc-11e3-9aa3-00238b8a45d8',1),(643,7,148,'0.50',0,'872eab26-27bc-11e3-9aa3-00238b8a45d8',1),(644,7,149,'0.50',0,'872eab26-27bc-11e3-9aa3-00238b8a45d8',1),(645,7,97,'0.50',0,'872eab26-27bc-11e3-9aa3-00238b8a45d8',1),(646,6,98,'1.00',0,'872eab26-27bc-11e3-9aa3-00238b8a45d8',1),(647,6,150,'1.00',0,'872eab26-27bc-11e3-9aa3-00238b8a45d8',1),(648,7,100,'0.50',0,'872eab26-27bc-11e3-9aa3-00238b8a45d8',1),(649,8,92,'1.00',1,'872eab26-27bc-11e3-9aa3-00238b8a45d8',1),(650,8,146,'1.00',1,'872eab26-27bc-11e3-9aa3-00238b8a45d8',1),(651,8,147,'0.50',1,'872eab26-27bc-11e3-9aa3-00238b8a45d8',1),(652,8,148,'0.50',1,'872eab26-27bc-11e3-9aa3-00238b8a45d8',1),(653,8,149,'0.50',1,'872eab26-27bc-11e3-9aa3-00238b8a45d8',1),(654,8,97,'0.50',1,'872eab26-27bc-11e3-9aa3-00238b8a45d8',1),(655,8,98,'1.00',1,'872eab26-27bc-11e3-9aa3-00238b8a45d8',1),(656,8,150,'1.00',1,'872eab26-27bc-11e3-9aa3-00238b8a45d8',1),(657,8,100,'0.50',1,'872eab26-27bc-11e3-9aa3-00238b8a45d8',1),(658,8,151,'0.80',0,'026c9118-4036-11e3-9aa3-00238b8a45d8',1),(659,8,152,'1.00',0,'026c9118-4036-11e3-9aa3-00238b8a45d8',1),(660,8,153,'1.00',0,'026c9118-4036-11e3-9aa3-00238b8a45d8',1),(661,8,154,'1.00',0,'026c9118-4036-11e3-9aa3-00238b8a45d8',1),(662,8,155,'1.00',0,'026c9118-4036-11e3-9aa3-00238b8a45d8',1),(663,8,156,'1.00',0,'026c9118-4036-11e3-9aa3-00238b8a45d8',1),(664,8,157,'1.00',0,'026c9118-4036-11e3-9aa3-00238b8a45d8',1),(665,9,158,'1.00',0,'026c9118-4036-11e3-9aa3-00238b8a45d8',1),(666,11,159,'1.00',0,'026c9118-4036-11e3-9aa3-00238b8a45d8',1),(667,10,160,'1.00',0,'026c9118-4036-11e3-9aa3-00238b8a45d8',1),(686,8,158,'0.50',1,'026c9118-4036-11e3-9aa3-00238b8a45d8',1),(687,8,159,'0.30',1,'026c9118-4036-11e3-9aa3-00238b8a45d8',1),(688,8,160,'0.95',1,'026c9118-4036-11e3-9aa3-00238b8a45d8',1);
/*!40000 ALTER TABLE `agent_has_beliefs` ENABLE KEYS */;
UNLOCK TABLES;

--
-- Table structure for table `agent_trust`
--

DROP TABLE IF EXISTS `agent_trust`;
/*!40101 SET @saved_cs_client     = @@character_set_client */;
/*!40101 SET character_set_client = utf8 */;
CREATE TABLE `agent_trust` (
  `trustID` int(11) NOT NULL AUTO_INCREMENT,
  `trustingAgent` int(11) NOT NULL,
  `trustedAgent` int(11) NOT NULL,
  `level` decimal(18,2) NOT NULL,
  `isInferred` smallint(6) NOT NULL,
  `sessionID` varchar(45) NOT NULL,
  `timestep` int(11) NOT NULL,
  PRIMARY KEY (`trustID`,`sessionID`,`timestep`)
) ENGINE=InnoDB AUTO_INCREMENT=75 DEFAULT CHARSET=latin1;
/*!40101 SET character_set_client = @saved_cs_client */;

--
-- Dumping data for table `agent_trust`
--

LOCK TABLES `agent_trust` WRITE;
/*!40000 ALTER TABLE `agent_trust` DISABLE KEYS */;
INSERT INTO `agent_trust` VALUES (50,8,7,'1.00',0,'14cc1826-27a7-11e3-b999-00238b8a45d8',1),(51,8,6,'1.00',0,'14cc1826-27a7-11e3-b999-00238b8a45d8',1),(52,8,7,'1.00',0,'2c5bb05a-27ac-11e3-9aa3-00238b8a45d8',1),(53,8,6,'1.00',0,'2c5bb05a-27ac-11e3-9aa3-00238b8a45d8',1),(54,8,7,'1.00',0,'3758a0ca-27ad-11e3-9aa3-00238b8a45d8',1),(55,8,6,'1.00',0,'3758a0ca-27ad-11e3-9aa3-00238b8a45d8',1),(56,8,7,'1.00',0,'ba734cf2-27ae-11e3-9aa3-00238b8a45d8',1),(57,8,6,'1.00',0,'ba734cf2-27ae-11e3-9aa3-00238b8a45d8',1),(58,8,7,'1.00',0,'14ec2874-27b0-11e3-9aa3-00238b8a45d8',1),(59,8,6,'1.00',0,'14ec2874-27b0-11e3-9aa3-00238b8a45d8',1),(60,8,7,'1.00',0,'7f2361f2-27b1-11e3-9aa3-00238b8a45d8',1),(61,8,6,'1.00',0,'7f2361f2-27b1-11e3-9aa3-00238b8a45d8',1),(62,8,7,'1.00',0,'8e33855a-27b1-11e3-9aa3-00238b8a45d8',1),(63,8,6,'1.00',0,'8e33855a-27b1-11e3-9aa3-00238b8a45d8',1),(64,8,7,'1.00',0,'853c2186-27b2-11e3-9aa3-00238b8a45d8',1),(65,8,6,'1.00',0,'853c2186-27b2-11e3-9aa3-00238b8a45d8',1),(66,8,7,'1.00',0,'c3030178-27b3-11e3-9aa3-00238b8a45d8',1),(67,8,6,'1.00',0,'c3030178-27b3-11e3-9aa3-00238b8a45d8',1),(68,8,7,'1.00',0,'b77c6a3c-27b4-11e3-9aa3-00238b8a45d8',1),(69,8,6,'1.00',0,'b77c6a3c-27b4-11e3-9aa3-00238b8a45d8',1),(70,8,7,'1.00',0,'872eab26-27bc-11e3-9aa3-00238b8a45d8',1),(71,8,6,'1.00',0,'872eab26-27bc-11e3-9aa3-00238b8a45d8',1),(72,8,10,'0.95',0,'026c9118-4036-11e3-9aa3-00238b8a45d8',1),(73,8,9,'0.50',0,'026c9118-4036-11e3-9aa3-00238b8a45d8',1),(74,8,11,'0.30',0,'026c9118-4036-11e3-9aa3-00238b8a45d8',1);
/*!40000 ALTER TABLE `agent_trust` ENABLE KEYS */;
UNLOCK TABLES;

--
-- Table structure for table `agents`
--

DROP TABLE IF EXISTS `agents`;
/*!40101 SET @saved_cs_client     = @@character_set_client */;
/*!40101 SET character_set_client = utf8 */;
CREATE TABLE `agents` (
  `agentID` int(11) NOT NULL AUTO_INCREMENT,
  `agentName` varchar(45) DEFAULT NULL,
  PRIMARY KEY (`agentID`)
) ENGINE=InnoDB AUTO_INCREMENT=12 DEFAULT CHARSET=latin1;
/*!40101 SET character_set_client = @saved_cs_client */;

--
-- Dumping data for table `agents`
--

LOCK TABLES `agents` WRITE;
/*!40000 ALTER TABLE `agents` DISABLE KEYS */;
INSERT INTO `agents` VALUES (6,'Yogev'),(7,'Assaf'),(8,'Me'),(9,'UAV'),(10,'Recon'),(11,'Informant');
/*!40000 ALTER TABLE `agents` ENABLE KEYS */;
UNLOCK TABLES;

--
-- Table structure for table `argument_attacks_argument`
--

DROP TABLE IF EXISTS `argument_attacks_argument`;
/*!40101 SET @saved_cs_client     = @@character_set_client */;
/*!40101 SET character_set_client = utf8 */;
CREATE TABLE `argument_attacks_argument` (
  `questionArgumentID` int(11) NOT NULL AUTO_INCREMENT,
  `attackFromID` int(11) NOT NULL,
  `attackToID` int(11) NOT NULL,
  `attackType` varchar(45) NOT NULL,
  `isFromRule` int(11) NOT NULL,
  `isToRule` int(11) NOT NULL,
  `fromBeliefID` int(11) NOT NULL,
  `toBeliefID` int(11) NOT NULL,
  `sessionID` varchar(45) NOT NULL,
  `timestep` int(11) NOT NULL,
  PRIMARY KEY (`questionArgumentID`,`timestep`,`sessionID`)
) ENGINE=InnoDB DEFAULT CHARSET=latin1;
/*!40101 SET character_set_client = @saved_cs_client */;

--
-- Dumping data for table `argument_attacks_argument`
--

LOCK TABLES `argument_attacks_argument` WRITE;
/*!40000 ALTER TABLE `argument_attacks_argument` DISABLE KEYS */;
/*!40000 ALTER TABLE `argument_attacks_argument` ENABLE KEYS */;
UNLOCK TABLES;

--
-- Table structure for table `arguments`
--

DROP TABLE IF EXISTS `arguments`;
/*!40101 SET @saved_cs_client     = @@character_set_client */;
/*!40101 SET character_set_client = utf8 */;
CREATE TABLE `arguments` (
  `argumentID` int(11) NOT NULL AUTO_INCREMENT,
  `beliefID` int(11) NOT NULL,
  `questionID` int(11) DEFAULT NULL,
  `supportsArgumentID` int(11) DEFAULT NULL,
  `isLeaf` smallint(6) NOT NULL,
  `isSupported` smallint(6) NOT NULL,
  `sessionID` varchar(45) NOT NULL,
  `timestep` int(11) NOT NULL,
  PRIMARY KEY (`argumentID`,`sessionID`,`timestep`)
) ENGINE=InnoDB AUTO_INCREMENT=988 DEFAULT CHARSET=latin1;
/*!40101 SET character_set_client = @saved_cs_client */;

--
-- Dumping data for table `arguments`
--

LOCK TABLES `arguments` WRITE;
/*!40000 ALTER TABLE `arguments` DISABLE KEYS */;
INSERT INTO `arguments` VALUES (701,93,471,-1,0,1,'14cc1826-27a7-11e3-b999-00238b8a45d8',1),(702,92,471,701,0,1,'14cc1826-27a7-11e3-b999-00238b8a45d8',1),(703,94,472,-1,0,0,'14cc1826-27a7-11e3-b999-00238b8a45d8',1),(704,92,473,-1,0,1,'14cc1826-27a7-11e3-b999-00238b8a45d8',1),(705,95,472,-1,0,1,'14cc1826-27a7-11e3-b999-00238b8a45d8',1),(706,96,472,705,0,1,'14cc1826-27a7-11e3-b999-00238b8a45d8',1),(707,97,472,706,0,1,'14cc1826-27a7-11e3-b999-00238b8a45d8',1),(708,99,475,-1,0,1,'14cc1826-27a7-11e3-b999-00238b8a45d8',1),(709,98,475,708,0,1,'14cc1826-27a7-11e3-b999-00238b8a45d8',1),(710,100,476,-1,0,1,'14cc1826-27a7-11e3-b999-00238b8a45d8',1),(711,98,477,-1,0,1,'14cc1826-27a7-11e3-b999-00238b8a45d8',1),(712,96,478,-1,0,1,'14cc1826-27a7-11e3-b999-00238b8a45d8',1),(713,97,478,712,0,1,'14cc1826-27a7-11e3-b999-00238b8a45d8',1),(714,101,480,-1,0,1,'2c5bb05a-27ac-11e3-9aa3-00238b8a45d8',1),(715,92,480,714,0,1,'2c5bb05a-27ac-11e3-9aa3-00238b8a45d8',1),(716,102,481,-1,0,0,'2c5bb05a-27ac-11e3-9aa3-00238b8a45d8',1),(717,92,482,-1,0,1,'2c5bb05a-27ac-11e3-9aa3-00238b8a45d8',1),(718,103,481,-1,0,1,'2c5bb05a-27ac-11e3-9aa3-00238b8a45d8',1),(719,104,481,718,0,1,'2c5bb05a-27ac-11e3-9aa3-00238b8a45d8',1),(720,97,481,719,0,1,'2c5bb05a-27ac-11e3-9aa3-00238b8a45d8',1),(721,105,484,-1,0,1,'2c5bb05a-27ac-11e3-9aa3-00238b8a45d8',1),(722,98,484,721,0,1,'2c5bb05a-27ac-11e3-9aa3-00238b8a45d8',1),(723,100,485,-1,0,1,'2c5bb05a-27ac-11e3-9aa3-00238b8a45d8',1),(724,98,486,-1,0,1,'2c5bb05a-27ac-11e3-9aa3-00238b8a45d8',1),(725,104,487,-1,0,1,'2c5bb05a-27ac-11e3-9aa3-00238b8a45d8',1),(726,97,487,725,0,1,'2c5bb05a-27ac-11e3-9aa3-00238b8a45d8',1),(727,106,489,-1,0,1,'3758a0ca-27ad-11e3-9aa3-00238b8a45d8',1),(728,92,489,727,0,1,'3758a0ca-27ad-11e3-9aa3-00238b8a45d8',1),(729,107,490,-1,0,0,'3758a0ca-27ad-11e3-9aa3-00238b8a45d8',1),(730,92,491,-1,0,1,'3758a0ca-27ad-11e3-9aa3-00238b8a45d8',1),(731,108,490,-1,0,1,'3758a0ca-27ad-11e3-9aa3-00238b8a45d8',1),(732,109,490,731,0,1,'3758a0ca-27ad-11e3-9aa3-00238b8a45d8',1),(733,97,490,732,0,1,'3758a0ca-27ad-11e3-9aa3-00238b8a45d8',1),(734,110,493,-1,0,1,'3758a0ca-27ad-11e3-9aa3-00238b8a45d8',1),(735,98,493,734,0,1,'3758a0ca-27ad-11e3-9aa3-00238b8a45d8',1),(736,100,494,-1,0,1,'3758a0ca-27ad-11e3-9aa3-00238b8a45d8',1),(737,98,495,-1,0,1,'3758a0ca-27ad-11e3-9aa3-00238b8a45d8',1),(738,109,496,-1,0,1,'3758a0ca-27ad-11e3-9aa3-00238b8a45d8',1),(739,97,496,738,0,1,'3758a0ca-27ad-11e3-9aa3-00238b8a45d8',1),(740,111,498,-1,0,1,'ba734cf2-27ae-11e3-9aa3-00238b8a45d8',1),(741,92,498,740,0,1,'ba734cf2-27ae-11e3-9aa3-00238b8a45d8',1),(742,112,499,-1,0,0,'ba734cf2-27ae-11e3-9aa3-00238b8a45d8',1),(743,92,500,-1,0,1,'ba734cf2-27ae-11e3-9aa3-00238b8a45d8',1),(744,113,499,-1,0,1,'ba734cf2-27ae-11e3-9aa3-00238b8a45d8',1),(745,114,499,744,0,1,'ba734cf2-27ae-11e3-9aa3-00238b8a45d8',1),(746,97,499,745,0,1,'ba734cf2-27ae-11e3-9aa3-00238b8a45d8',1),(747,115,502,-1,0,1,'ba734cf2-27ae-11e3-9aa3-00238b8a45d8',1),(748,98,502,747,0,1,'ba734cf2-27ae-11e3-9aa3-00238b8a45d8',1),(749,100,503,-1,0,1,'ba734cf2-27ae-11e3-9aa3-00238b8a45d8',1),(750,98,504,-1,0,1,'ba734cf2-27ae-11e3-9aa3-00238b8a45d8',1),(751,114,505,-1,0,1,'ba734cf2-27ae-11e3-9aa3-00238b8a45d8',1),(752,97,505,751,0,1,'ba734cf2-27ae-11e3-9aa3-00238b8a45d8',1),(753,116,507,-1,0,1,'14ec2874-27b0-11e3-9aa3-00238b8a45d8',1),(754,92,507,753,0,1,'14ec2874-27b0-11e3-9aa3-00238b8a45d8',1),(755,117,508,-1,0,0,'14ec2874-27b0-11e3-9aa3-00238b8a45d8',1),(756,92,509,-1,0,1,'14ec2874-27b0-11e3-9aa3-00238b8a45d8',1),(757,118,508,-1,0,1,'14ec2874-27b0-11e3-9aa3-00238b8a45d8',1),(758,119,508,757,0,1,'14ec2874-27b0-11e3-9aa3-00238b8a45d8',1),(759,97,508,758,0,1,'14ec2874-27b0-11e3-9aa3-00238b8a45d8',1),(760,120,511,-1,0,1,'14ec2874-27b0-11e3-9aa3-00238b8a45d8',1),(761,98,511,760,0,1,'14ec2874-27b0-11e3-9aa3-00238b8a45d8',1),(762,100,512,-1,0,1,'14ec2874-27b0-11e3-9aa3-00238b8a45d8',1),(763,98,513,-1,0,1,'14ec2874-27b0-11e3-9aa3-00238b8a45d8',1),(764,119,514,-1,0,1,'14ec2874-27b0-11e3-9aa3-00238b8a45d8',1),(765,97,514,764,0,1,'14ec2874-27b0-11e3-9aa3-00238b8a45d8',1),(766,121,516,-1,0,1,'7f2361f2-27b1-11e3-9aa3-00238b8a45d8',1),(767,92,516,766,0,1,'7f2361f2-27b1-11e3-9aa3-00238b8a45d8',1),(768,122,517,-1,0,0,'7f2361f2-27b1-11e3-9aa3-00238b8a45d8',1),(769,92,518,-1,0,1,'7f2361f2-27b1-11e3-9aa3-00238b8a45d8',1),(770,123,517,-1,0,1,'7f2361f2-27b1-11e3-9aa3-00238b8a45d8',1),(771,124,517,770,0,1,'7f2361f2-27b1-11e3-9aa3-00238b8a45d8',1),(772,97,517,771,0,1,'7f2361f2-27b1-11e3-9aa3-00238b8a45d8',1),(773,125,520,-1,0,1,'7f2361f2-27b1-11e3-9aa3-00238b8a45d8',1),(774,98,520,773,0,1,'7f2361f2-27b1-11e3-9aa3-00238b8a45d8',1),(775,100,521,-1,0,1,'7f2361f2-27b1-11e3-9aa3-00238b8a45d8',1),(776,98,522,-1,0,1,'7f2361f2-27b1-11e3-9aa3-00238b8a45d8',1),(777,124,523,-1,0,1,'7f2361f2-27b1-11e3-9aa3-00238b8a45d8',1),(778,97,523,777,0,1,'7f2361f2-27b1-11e3-9aa3-00238b8a45d8',1),(779,126,525,-1,0,1,'8e33855a-27b1-11e3-9aa3-00238b8a45d8',1),(780,92,525,779,0,1,'8e33855a-27b1-11e3-9aa3-00238b8a45d8',1),(781,127,526,-1,0,0,'8e33855a-27b1-11e3-9aa3-00238b8a45d8',1),(782,92,527,-1,0,1,'8e33855a-27b1-11e3-9aa3-00238b8a45d8',1),(783,128,526,-1,0,1,'8e33855a-27b1-11e3-9aa3-00238b8a45d8',1),(784,129,526,783,0,1,'8e33855a-27b1-11e3-9aa3-00238b8a45d8',1),(785,97,526,784,0,1,'8e33855a-27b1-11e3-9aa3-00238b8a45d8',1),(786,130,529,-1,0,1,'8e33855a-27b1-11e3-9aa3-00238b8a45d8',1),(787,98,529,786,0,1,'8e33855a-27b1-11e3-9aa3-00238b8a45d8',1),(788,100,530,-1,0,1,'8e33855a-27b1-11e3-9aa3-00238b8a45d8',1),(789,98,531,-1,0,1,'8e33855a-27b1-11e3-9aa3-00238b8a45d8',1),(790,129,532,-1,0,1,'8e33855a-27b1-11e3-9aa3-00238b8a45d8',1),(791,97,532,790,0,1,'8e33855a-27b1-11e3-9aa3-00238b8a45d8',1),(792,131,534,-1,0,1,'853c2186-27b2-11e3-9aa3-00238b8a45d8',1),(793,92,534,792,0,1,'853c2186-27b2-11e3-9aa3-00238b8a45d8',1),(794,132,535,-1,0,0,'853c2186-27b2-11e3-9aa3-00238b8a45d8',1),(795,92,536,-1,0,1,'853c2186-27b2-11e3-9aa3-00238b8a45d8',1),(796,133,535,-1,0,1,'853c2186-27b2-11e3-9aa3-00238b8a45d8',1),(797,134,535,796,0,1,'853c2186-27b2-11e3-9aa3-00238b8a45d8',1),(798,97,535,797,0,1,'853c2186-27b2-11e3-9aa3-00238b8a45d8',1),(799,135,538,-1,0,1,'853c2186-27b2-11e3-9aa3-00238b8a45d8',1),(800,98,538,799,0,1,'853c2186-27b2-11e3-9aa3-00238b8a45d8',1),(801,100,539,-1,0,1,'853c2186-27b2-11e3-9aa3-00238b8a45d8',1),(802,98,540,-1,0,1,'853c2186-27b2-11e3-9aa3-00238b8a45d8',1),(803,134,541,-1,0,1,'853c2186-27b2-11e3-9aa3-00238b8a45d8',1),(804,97,541,803,0,1,'853c2186-27b2-11e3-9aa3-00238b8a45d8',1),(805,136,543,-1,0,1,'c3030178-27b3-11e3-9aa3-00238b8a45d8',1),(806,92,543,805,0,1,'c3030178-27b3-11e3-9aa3-00238b8a45d8',1),(807,137,544,-1,0,0,'c3030178-27b3-11e3-9aa3-00238b8a45d8',1),(808,92,545,-1,0,1,'c3030178-27b3-11e3-9aa3-00238b8a45d8',1),(809,138,544,-1,0,1,'c3030178-27b3-11e3-9aa3-00238b8a45d8',1),(810,139,544,809,0,1,'c3030178-27b3-11e3-9aa3-00238b8a45d8',1),(811,97,544,810,0,1,'c3030178-27b3-11e3-9aa3-00238b8a45d8',1),(812,140,547,-1,0,1,'c3030178-27b3-11e3-9aa3-00238b8a45d8',1),(813,98,547,812,0,1,'c3030178-27b3-11e3-9aa3-00238b8a45d8',1),(814,100,548,-1,0,1,'c3030178-27b3-11e3-9aa3-00238b8a45d8',1),(815,98,549,-1,0,1,'c3030178-27b3-11e3-9aa3-00238b8a45d8',1),(816,139,550,-1,0,1,'c3030178-27b3-11e3-9aa3-00238b8a45d8',1),(817,97,550,816,0,1,'c3030178-27b3-11e3-9aa3-00238b8a45d8',1),(857,141,552,-1,0,1,'b77c6a3c-27b4-11e3-9aa3-00238b8a45d8',1),(858,92,552,857,0,1,'b77c6a3c-27b4-11e3-9aa3-00238b8a45d8',1),(859,142,577,-1,0,0,'b77c6a3c-27b4-11e3-9aa3-00238b8a45d8',1),(860,92,578,-1,0,1,'b77c6a3c-27b4-11e3-9aa3-00238b8a45d8',1),(861,143,577,-1,0,1,'b77c6a3c-27b4-11e3-9aa3-00238b8a45d8',1),(862,144,577,861,0,1,'b77c6a3c-27b4-11e3-9aa3-00238b8a45d8',1),(863,97,577,862,0,1,'b77c6a3c-27b4-11e3-9aa3-00238b8a45d8',1),(864,145,580,-1,0,1,'b77c6a3c-27b4-11e3-9aa3-00238b8a45d8',1),(865,98,580,864,0,1,'b77c6a3c-27b4-11e3-9aa3-00238b8a45d8',1),(866,100,581,-1,0,1,'b77c6a3c-27b4-11e3-9aa3-00238b8a45d8',1),(867,98,582,-1,0,1,'b77c6a3c-27b4-11e3-9aa3-00238b8a45d8',1),(868,144,583,-1,0,1,'b77c6a3c-27b4-11e3-9aa3-00238b8a45d8',1),(869,97,583,868,0,1,'b77c6a3c-27b4-11e3-9aa3-00238b8a45d8',1),(870,146,585,-1,0,1,'872eab26-27bc-11e3-9aa3-00238b8a45d8',1),(871,92,585,870,0,1,'872eab26-27bc-11e3-9aa3-00238b8a45d8',1),(872,147,586,-1,0,0,'872eab26-27bc-11e3-9aa3-00238b8a45d8',1),(873,92,587,-1,0,1,'872eab26-27bc-11e3-9aa3-00238b8a45d8',1),(874,148,586,-1,0,1,'872eab26-27bc-11e3-9aa3-00238b8a45d8',1),(875,149,586,874,0,1,'872eab26-27bc-11e3-9aa3-00238b8a45d8',1),(876,97,586,875,0,1,'872eab26-27bc-11e3-9aa3-00238b8a45d8',1),(877,150,589,-1,0,1,'872eab26-27bc-11e3-9aa3-00238b8a45d8',1),(878,98,589,877,0,1,'872eab26-27bc-11e3-9aa3-00238b8a45d8',1),(879,100,590,-1,0,1,'872eab26-27bc-11e3-9aa3-00238b8a45d8',1),(880,98,591,-1,0,1,'872eab26-27bc-11e3-9aa3-00238b8a45d8',1),(881,149,592,-1,0,1,'872eab26-27bc-11e3-9aa3-00238b8a45d8',1),(882,97,592,881,0,1,'872eab26-27bc-11e3-9aa3-00238b8a45d8',1),(973,154,594,-1,0,1,'026c9118-4036-11e3-9aa3-00238b8a45d8',1),(974,152,594,973,0,1,'026c9118-4036-11e3-9aa3-00238b8a45d8',1),(975,155,594,974,0,1,'026c9118-4036-11e3-9aa3-00238b8a45d8',1),(976,158,594,975,0,1,'026c9118-4036-11e3-9aa3-00238b8a45d8',1),(977,156,650,-1,0,0,'026c9118-4036-11e3-9aa3-00238b8a45d8',1),(978,155,651,-1,0,0,'026c9118-4036-11e3-9aa3-00238b8a45d8',1),(979,158,651,978,0,0,'026c9118-4036-11e3-9aa3-00238b8a45d8',1),(980,151,594,973,0,1,'026c9118-4036-11e3-9aa3-00238b8a45d8',1),(981,153,653,-1,0,1,'026c9118-4036-11e3-9aa3-00238b8a45d8',1),(982,155,653,981,0,1,'026c9118-4036-11e3-9aa3-00238b8a45d8',1),(983,158,653,982,0,1,'026c9118-4036-11e3-9aa3-00238b8a45d8',1),(984,157,653,981,0,1,'026c9118-4036-11e3-9aa3-00238b8a45d8',1),(985,160,653,984,0,1,'026c9118-4036-11e3-9aa3-00238b8a45d8',1),(986,159,653,981,0,1,'026c9118-4036-11e3-9aa3-00238b8a45d8',1),(987,151,656,-1,0,1,'026c9118-4036-11e3-9aa3-00238b8a45d8',1);
/*!40000 ALTER TABLE `arguments` ENABLE KEYS */;
UNLOCK TABLES;

--
-- Table structure for table `belief_has_premises`
--

DROP TABLE IF EXISTS `belief_has_premises`;
/*!40101 SET @saved_cs_client     = @@character_set_client */;
/*!40101 SET character_set_client = utf8 */;
CREATE TABLE `belief_has_premises` (
  `beliefPremiseID` int(11) NOT NULL AUTO_INCREMENT,
  `beliefID` int(11) NOT NULL,
  `premiseID` int(11) NOT NULL,
  `isNegated` smallint(6) NOT NULL,
  PRIMARY KEY (`beliefPremiseID`)
) ENGINE=InnoDB AUTO_INCREMENT=175 DEFAULT CHARSET=latin1;
/*!40101 SET character_set_client = @saved_cs_client */;

--
-- Dumping data for table `belief_has_premises`
--

LOCK TABLES `belief_has_premises` WRITE;
/*!40000 ALTER TABLE `belief_has_premises` DISABLE KEYS */;
INSERT INTO `belief_has_premises` VALUES (112,93,12,0),(113,94,14,0),(114,95,15,0),(115,96,16,0),(116,99,17,0),(117,101,12,0),(118,102,14,0),(119,103,15,0),(120,104,16,0),(121,105,17,0),(122,106,12,0),(123,107,14,0),(124,108,15,0),(125,109,16,0),(126,110,17,0),(127,111,12,0),(128,112,14,0),(129,113,15,0),(130,114,16,0),(131,115,17,0),(132,116,12,0),(133,117,14,0),(134,118,15,0),(135,119,16,0),(136,120,17,0),(137,121,12,0),(138,122,14,0),(139,123,15,0),(140,124,16,0),(141,125,17,0),(142,126,12,0),(143,127,14,0),(144,128,15,0),(145,129,16,0),(146,130,17,0),(147,131,12,0),(148,132,14,0),(149,133,15,0),(150,134,16,0),(151,135,17,0),(152,136,12,0),(153,137,14,0),(154,138,15,0),(155,139,16,0),(156,140,17,0),(157,141,12,0),(158,142,14,0),(159,143,15,0),(160,144,16,0),(161,145,17,0),(162,146,12,0),(163,147,14,0),(164,148,15,0),(165,149,16,0),(166,150,17,0),(167,152,20,0),(168,153,20,0),(169,153,21,0),(170,154,19,0),(171,154,18,0),(172,155,23,0),(173,156,24,1),(174,157,24,0);
/*!40000 ALTER TABLE `belief_has_premises` ENABLE KEYS */;
UNLOCK TABLES;

--
-- Table structure for table `belief_names`
--

DROP TABLE IF EXISTS `belief_names`;
/*!40101 SET @saved_cs_client     = @@character_set_client */;
/*!40101 SET character_set_client = utf8 */;
CREATE TABLE `belief_names` (
  `beliefID` int(11) DEFAULT NULL,
  `beliefName` varchar(106) DEFAULT NULL,
  `isRule` smallint(6) DEFAULT NULL
) ENGINE=MyISAM DEFAULT CHARSET=latin1;
/*!40101 SET character_set_client = @saved_cs_client */;

--
-- Dumping data for table `belief_names`
--

LOCK TABLES `belief_names` WRITE;
/*!40000 ALTER TABLE `belief_names` DISABLE KEYS */;
/*!40000 ALTER TABLE `belief_names` ENABLE KEYS */;
UNLOCK TABLES;

--
-- Table structure for table `beliefs`
--

DROP TABLE IF EXISTS `beliefs`;
/*!40101 SET @saved_cs_client     = @@character_set_client */;
/*!40101 SET character_set_client = utf8 */;
CREATE TABLE `beliefs` (
  `beliefID` int(11) NOT NULL AUTO_INCREMENT,
  `conclusionID` int(11) NOT NULL,
  `isNegated` smallint(6) NOT NULL,
  `isRule` smallint(6) NOT NULL,
  PRIMARY KEY (`beliefID`)
) ENGINE=InnoDB AUTO_INCREMENT=161 DEFAULT CHARSET=latin1;
/*!40101 SET character_set_client = @saved_cs_client */;

--
-- Dumping data for table `beliefs`
--

LOCK TABLES `beliefs` WRITE;
/*!40000 ALTER TABLE `beliefs` DISABLE KEYS */;
INSERT INTO `beliefs` VALUES (92,12,0,0),(93,13,0,1),(94,12,1,1),(95,12,1,1),(96,15,0,1),(97,16,0,0),(98,17,0,0),(99,15,1,1),(100,17,1,0),(101,13,0,1),(102,12,1,1),(103,12,1,1),(104,15,0,1),(105,15,1,1),(106,13,0,1),(107,12,1,1),(108,12,1,1),(109,15,0,1),(110,15,1,1),(111,13,0,1),(112,12,1,1),(113,12,1,1),(114,15,0,1),(115,15,1,1),(116,13,0,1),(117,12,1,1),(118,12,1,1),(119,15,0,1),(120,15,1,1),(121,13,0,1),(122,12,1,1),(123,12,1,1),(124,15,0,1),(125,15,1,1),(126,13,0,1),(127,12,1,1),(128,12,1,1),(129,15,0,1),(130,15,1,1),(131,13,0,1),(132,12,1,1),(133,12,1,1),(134,15,0,1),(135,15,1,1),(136,13,0,1),(137,12,1,1),(138,12,1,1),(139,15,0,1),(140,15,1,1),(141,13,0,1),(142,12,1,1),(143,12,1,1),(144,15,0,1),(145,15,1,1),(146,13,0,1),(147,12,1,1),(148,12,1,1),(149,15,0,1),(150,15,1,1),(151,18,0,0),(152,19,0,1),(153,18,1,1),(154,22,0,1),(155,20,0,1),(156,20,1,1),(157,21,0,1),(158,23,0,0),(159,21,0,0),(160,24,0,0);
/*!40000 ALTER TABLE `beliefs` ENABLE KEYS */;
UNLOCK TABLES;

--
-- Table structure for table `constants`
--

DROP TABLE IF EXISTS `constants`;
/*!40101 SET @saved_cs_client     = @@character_set_client */;
/*!40101 SET character_set_client = utf8 */;
CREATE TABLE `constants` (
  `constantID` int(11) NOT NULL AUTO_INCREMENT,
  `name` varchar(55) NOT NULL,
  PRIMARY KEY (`constantID`)
) ENGINE=InnoDB AUTO_INCREMENT=20 DEFAULT CHARSET=latin1;
/*!40101 SET character_set_client = @saved_cs_client */;

--
-- Dumping data for table `constants`
--

LOCK TABLES `constants` WRITE;
/*!40000 ALTER TABLE `constants` DISABLE KEYS */;
INSERT INTO `constants` VALUES (7,'Miami'),(8,'Houston'),(9,'San_Antonio'),(10,'Big_three'),(11,'Presence in the paint'),(12,'Howard'),(13,'Indiana'),(14,'Presence_in_the_paint'),(15,'Enemy'),(16,'HVT'),(17,'Mission'),(18,'Campfires'),(19,'Vehicles');
/*!40000 ALTER TABLE `constants` ENABLE KEYS */;
UNLOCK TABLES;

--
-- Table structure for table `inferred_beliefs`
--

DROP TABLE IF EXISTS `inferred_beliefs`;
/*!40101 SET @saved_cs_client     = @@character_set_client */;
/*!40101 SET character_set_client = utf8 */;
CREATE TABLE `inferred_beliefs` (
  `inferenceID` int(11) NOT NULL AUTO_INCREMENT,
  `inferredBeliefID` int(11) NOT NULL,
  `appliedBeliefID` int(11) NOT NULL,
  `sessionID` varchar(45) NOT NULL,
  `timestep` int(11) NOT NULL,
  PRIMARY KEY (`inferenceID`,`sessionID`,`timestep`)
) ENGINE=InnoDB AUTO_INCREMENT=408 DEFAULT CHARSET=latin1;
/*!40101 SET character_set_client = @saved_cs_client */;

--
-- Dumping data for table `inferred_beliefs`
--

LOCK TABLES `inferred_beliefs` WRITE;
/*!40000 ALTER TABLE `inferred_beliefs` DISABLE KEYS */;
INSERT INTO `inferred_beliefs` VALUES (261,442,433,'14cc1826-27a7-11e3-b999-00238b8a45d8',1),(262,443,434,'14cc1826-27a7-11e3-b999-00238b8a45d8',1),(263,444,435,'14cc1826-27a7-11e3-b999-00238b8a45d8',1),(264,445,436,'14cc1826-27a7-11e3-b999-00238b8a45d8',1),(265,446,437,'14cc1826-27a7-11e3-b999-00238b8a45d8',1),(266,447,438,'14cc1826-27a7-11e3-b999-00238b8a45d8',1),(267,448,439,'14cc1826-27a7-11e3-b999-00238b8a45d8',1),(268,449,440,'14cc1826-27a7-11e3-b999-00238b8a45d8',1),(269,450,441,'14cc1826-27a7-11e3-b999-00238b8a45d8',1),(270,460,451,'2c5bb05a-27ac-11e3-9aa3-00238b8a45d8',1),(271,461,452,'2c5bb05a-27ac-11e3-9aa3-00238b8a45d8',1),(272,462,453,'2c5bb05a-27ac-11e3-9aa3-00238b8a45d8',1),(273,463,454,'2c5bb05a-27ac-11e3-9aa3-00238b8a45d8',1),(274,464,455,'2c5bb05a-27ac-11e3-9aa3-00238b8a45d8',1),(275,465,456,'2c5bb05a-27ac-11e3-9aa3-00238b8a45d8',1),(276,466,457,'2c5bb05a-27ac-11e3-9aa3-00238b8a45d8',1),(277,467,458,'2c5bb05a-27ac-11e3-9aa3-00238b8a45d8',1),(278,468,459,'2c5bb05a-27ac-11e3-9aa3-00238b8a45d8',1),(279,478,469,'3758a0ca-27ad-11e3-9aa3-00238b8a45d8',1),(280,479,470,'3758a0ca-27ad-11e3-9aa3-00238b8a45d8',1),(281,480,471,'3758a0ca-27ad-11e3-9aa3-00238b8a45d8',1),(282,481,472,'3758a0ca-27ad-11e3-9aa3-00238b8a45d8',1),(283,482,473,'3758a0ca-27ad-11e3-9aa3-00238b8a45d8',1),(284,483,474,'3758a0ca-27ad-11e3-9aa3-00238b8a45d8',1),(285,484,475,'3758a0ca-27ad-11e3-9aa3-00238b8a45d8',1),(286,485,476,'3758a0ca-27ad-11e3-9aa3-00238b8a45d8',1),(287,486,477,'3758a0ca-27ad-11e3-9aa3-00238b8a45d8',1),(288,496,487,'ba734cf2-27ae-11e3-9aa3-00238b8a45d8',1),(289,497,488,'ba734cf2-27ae-11e3-9aa3-00238b8a45d8',1),(290,498,489,'ba734cf2-27ae-11e3-9aa3-00238b8a45d8',1),(291,499,490,'ba734cf2-27ae-11e3-9aa3-00238b8a45d8',1),(292,500,491,'ba734cf2-27ae-11e3-9aa3-00238b8a45d8',1),(293,501,492,'ba734cf2-27ae-11e3-9aa3-00238b8a45d8',1),(294,502,493,'ba734cf2-27ae-11e3-9aa3-00238b8a45d8',1),(295,503,494,'ba734cf2-27ae-11e3-9aa3-00238b8a45d8',1),(296,504,495,'ba734cf2-27ae-11e3-9aa3-00238b8a45d8',1),(297,514,505,'14ec2874-27b0-11e3-9aa3-00238b8a45d8',1),(298,515,506,'14ec2874-27b0-11e3-9aa3-00238b8a45d8',1),(299,516,507,'14ec2874-27b0-11e3-9aa3-00238b8a45d8',1),(300,517,508,'14ec2874-27b0-11e3-9aa3-00238b8a45d8',1),(301,518,509,'14ec2874-27b0-11e3-9aa3-00238b8a45d8',1),(302,519,510,'14ec2874-27b0-11e3-9aa3-00238b8a45d8',1),(303,520,511,'14ec2874-27b0-11e3-9aa3-00238b8a45d8',1),(304,521,512,'14ec2874-27b0-11e3-9aa3-00238b8a45d8',1),(305,522,513,'14ec2874-27b0-11e3-9aa3-00238b8a45d8',1),(306,532,523,'7f2361f2-27b1-11e3-9aa3-00238b8a45d8',1),(307,533,524,'7f2361f2-27b1-11e3-9aa3-00238b8a45d8',1),(308,534,525,'7f2361f2-27b1-11e3-9aa3-00238b8a45d8',1),(309,535,526,'7f2361f2-27b1-11e3-9aa3-00238b8a45d8',1),(310,536,527,'7f2361f2-27b1-11e3-9aa3-00238b8a45d8',1),(311,537,528,'7f2361f2-27b1-11e3-9aa3-00238b8a45d8',1),(312,538,529,'7f2361f2-27b1-11e3-9aa3-00238b8a45d8',1),(313,539,530,'7f2361f2-27b1-11e3-9aa3-00238b8a45d8',1),(314,540,531,'7f2361f2-27b1-11e3-9aa3-00238b8a45d8',1),(315,550,541,'8e33855a-27b1-11e3-9aa3-00238b8a45d8',1),(316,551,542,'8e33855a-27b1-11e3-9aa3-00238b8a45d8',1),(317,552,543,'8e33855a-27b1-11e3-9aa3-00238b8a45d8',1),(318,553,544,'8e33855a-27b1-11e3-9aa3-00238b8a45d8',1),(319,554,545,'8e33855a-27b1-11e3-9aa3-00238b8a45d8',1),(320,555,546,'8e33855a-27b1-11e3-9aa3-00238b8a45d8',1),(321,556,547,'8e33855a-27b1-11e3-9aa3-00238b8a45d8',1),(322,557,548,'8e33855a-27b1-11e3-9aa3-00238b8a45d8',1),(323,558,549,'8e33855a-27b1-11e3-9aa3-00238b8a45d8',1),(324,568,559,'853c2186-27b2-11e3-9aa3-00238b8a45d8',1),(325,569,560,'853c2186-27b2-11e3-9aa3-00238b8a45d8',1),(326,570,561,'853c2186-27b2-11e3-9aa3-00238b8a45d8',1),(327,571,562,'853c2186-27b2-11e3-9aa3-00238b8a45d8',1),(328,572,563,'853c2186-27b2-11e3-9aa3-00238b8a45d8',1),(329,573,564,'853c2186-27b2-11e3-9aa3-00238b8a45d8',1),(330,574,565,'853c2186-27b2-11e3-9aa3-00238b8a45d8',1),(331,575,566,'853c2186-27b2-11e3-9aa3-00238b8a45d8',1),(332,576,567,'853c2186-27b2-11e3-9aa3-00238b8a45d8',1),(333,586,577,'c3030178-27b3-11e3-9aa3-00238b8a45d8',1),(334,587,578,'c3030178-27b3-11e3-9aa3-00238b8a45d8',1),(335,588,579,'c3030178-27b3-11e3-9aa3-00238b8a45d8',1),(336,589,580,'c3030178-27b3-11e3-9aa3-00238b8a45d8',1),(337,590,581,'c3030178-27b3-11e3-9aa3-00238b8a45d8',1),(338,591,582,'c3030178-27b3-11e3-9aa3-00238b8a45d8',1),(339,592,583,'c3030178-27b3-11e3-9aa3-00238b8a45d8',1),(340,593,584,'c3030178-27b3-11e3-9aa3-00238b8a45d8',1),(341,594,585,'c3030178-27b3-11e3-9aa3-00238b8a45d8',1),(369,631,595,'b77c6a3c-27b4-11e3-9aa3-00238b8a45d8',1),(370,632,596,'b77c6a3c-27b4-11e3-9aa3-00238b8a45d8',1),(371,633,597,'b77c6a3c-27b4-11e3-9aa3-00238b8a45d8',1),(372,634,598,'b77c6a3c-27b4-11e3-9aa3-00238b8a45d8',1),(373,635,599,'b77c6a3c-27b4-11e3-9aa3-00238b8a45d8',1),(374,636,600,'b77c6a3c-27b4-11e3-9aa3-00238b8a45d8',1),(375,637,601,'b77c6a3c-27b4-11e3-9aa3-00238b8a45d8',1),(376,638,602,'b77c6a3c-27b4-11e3-9aa3-00238b8a45d8',1),(377,639,603,'b77c6a3c-27b4-11e3-9aa3-00238b8a45d8',1),(378,649,640,'872eab26-27bc-11e3-9aa3-00238b8a45d8',1),(379,650,641,'872eab26-27bc-11e3-9aa3-00238b8a45d8',1),(380,651,642,'872eab26-27bc-11e3-9aa3-00238b8a45d8',1),(381,652,643,'872eab26-27bc-11e3-9aa3-00238b8a45d8',1),(382,653,644,'872eab26-27bc-11e3-9aa3-00238b8a45d8',1),(383,654,645,'872eab26-27bc-11e3-9aa3-00238b8a45d8',1),(384,655,646,'872eab26-27bc-11e3-9aa3-00238b8a45d8',1),(385,656,647,'872eab26-27bc-11e3-9aa3-00238b8a45d8',1),(386,657,648,'872eab26-27bc-11e3-9aa3-00238b8a45d8',1),(405,686,665,'026c9118-4036-11e3-9aa3-00238b8a45d8',1),(406,687,666,'026c9118-4036-11e3-9aa3-00238b8a45d8',1),(407,688,667,'026c9118-4036-11e3-9aa3-00238b8a45d8',1);
/*!40000 ALTER TABLE `inferred_beliefs` ENABLE KEYS */;
UNLOCK TABLES;

--
-- Table structure for table `inferred_trust`
--

DROP TABLE IF EXISTS `inferred_trust`;
/*!40101 SET @saved_cs_client     = @@character_set_client */;
/*!40101 SET character_set_client = utf8 */;
CREATE TABLE `inferred_trust` (
  `inferenceID` int(11) NOT NULL AUTO_INCREMENT,
  `inferredTrustID` int(11) NOT NULL,
  `appliedTrustID` int(11) NOT NULL,
  `sessionID` varchar(45) NOT NULL,
  `timestep` int(11) NOT NULL,
  PRIMARY KEY (`inferenceID`,`sessionID`,`timestep`)
) ENGINE=InnoDB DEFAULT CHARSET=latin1;
/*!40101 SET character_set_client = @saved_cs_client */;

--
-- Dumping data for table `inferred_trust`
--

LOCK TABLES `inferred_trust` WRITE;
/*!40000 ALTER TABLE `inferred_trust` DISABLE KEYS */;
/*!40000 ALTER TABLE `inferred_trust` ENABLE KEYS */;
UNLOCK TABLES;

--
-- Table structure for table `parent_argument`
--

DROP TABLE IF EXISTS `parent_argument`;
/*!40101 SET @saved_cs_client     = @@character_set_client */;
/*!40101 SET character_set_client = utf8 */;
CREATE TABLE `parent_argument` (
  `parentArgumentID` int(11) NOT NULL AUTO_INCREMENT,
  `argumentID` int(11) DEFAULT NULL,
  `questionID` int(11) DEFAULT NULL,
  `status` varchar(45) DEFAULT NULL,
  `level` double DEFAULT NULL,
  `sessionID` varchar(45) DEFAULT NULL,
  `timestep` int(11) DEFAULT NULL,
  PRIMARY KEY (`parentArgumentID`)
) ENGINE=InnoDB AUTO_INCREMENT=10230 DEFAULT CHARSET=latin1;
/*!40101 SET character_set_client = @saved_cs_client */;

--
-- Dumping data for table `parent_argument`
--

LOCK TABLES `parent_argument` WRITE;
/*!40000 ALTER TABLE `parent_argument` DISABLE KEYS */;
INSERT INTO `parent_argument` VALUES (10104,701,471,'IN',1,'14cc1826-27a7-11e3-b999-00238b8a45d8',1),(10105,704,473,'IN',1,'14cc1826-27a7-11e3-b999-00238b8a45d8',1),(10106,705,472,'OUT',0.5,'14cc1826-27a7-11e3-b999-00238b8a45d8',1),(10107,708,475,'IN',1,'14cc1826-27a7-11e3-b999-00238b8a45d8',1),(10108,710,476,'OUT',0.5,'14cc1826-27a7-11e3-b999-00238b8a45d8',1),(10109,711,477,'IN',1,'14cc1826-27a7-11e3-b999-00238b8a45d8',1),(10110,712,478,'OUT',0.5,'14cc1826-27a7-11e3-b999-00238b8a45d8',1),(10111,714,480,'IN',1,'2c5bb05a-27ac-11e3-9aa3-00238b8a45d8',1),(10112,717,482,'IN',1,'2c5bb05a-27ac-11e3-9aa3-00238b8a45d8',1),(10113,718,481,'OUT',0.5,'2c5bb05a-27ac-11e3-9aa3-00238b8a45d8',1),(10114,721,484,'IN',1,'2c5bb05a-27ac-11e3-9aa3-00238b8a45d8',1),(10115,723,485,'OUT',0.5,'2c5bb05a-27ac-11e3-9aa3-00238b8a45d8',1),(10116,724,486,'IN',1,'2c5bb05a-27ac-11e3-9aa3-00238b8a45d8',1),(10117,725,487,'OUT',0.5,'2c5bb05a-27ac-11e3-9aa3-00238b8a45d8',1),(10118,727,489,'IN',1,'3758a0ca-27ad-11e3-9aa3-00238b8a45d8',1),(10119,730,491,'IN',1,'3758a0ca-27ad-11e3-9aa3-00238b8a45d8',1),(10120,731,490,'OUT',0.5,'3758a0ca-27ad-11e3-9aa3-00238b8a45d8',1),(10121,734,493,'IN',1,'3758a0ca-27ad-11e3-9aa3-00238b8a45d8',1),(10122,736,494,'OUT',0.5,'3758a0ca-27ad-11e3-9aa3-00238b8a45d8',1),(10123,737,495,'IN',1,'3758a0ca-27ad-11e3-9aa3-00238b8a45d8',1),(10124,738,496,'OUT',0.5,'3758a0ca-27ad-11e3-9aa3-00238b8a45d8',1),(10125,740,498,'IN',1,'ba734cf2-27ae-11e3-9aa3-00238b8a45d8',1),(10126,743,500,'IN',1,'ba734cf2-27ae-11e3-9aa3-00238b8a45d8',1),(10127,744,499,'OUT',0.5,'ba734cf2-27ae-11e3-9aa3-00238b8a45d8',1),(10128,747,502,'IN',1,'ba734cf2-27ae-11e3-9aa3-00238b8a45d8',1),(10129,749,503,'OUT',0.5,'ba734cf2-27ae-11e3-9aa3-00238b8a45d8',1),(10130,750,504,'IN',1,'ba734cf2-27ae-11e3-9aa3-00238b8a45d8',1),(10131,751,505,'OUT',0.5,'ba734cf2-27ae-11e3-9aa3-00238b8a45d8',1),(10132,753,507,'IN',1,'14ec2874-27b0-11e3-9aa3-00238b8a45d8',1),(10133,756,509,'IN',1,'14ec2874-27b0-11e3-9aa3-00238b8a45d8',1),(10134,757,508,'OUT',0.5,'14ec2874-27b0-11e3-9aa3-00238b8a45d8',1),(10135,760,511,'IN',1,'14ec2874-27b0-11e3-9aa3-00238b8a45d8',1),(10136,762,512,'OUT',0.5,'14ec2874-27b0-11e3-9aa3-00238b8a45d8',1),(10137,763,513,'IN',1,'14ec2874-27b0-11e3-9aa3-00238b8a45d8',1),(10138,764,514,'OUT',0.5,'14ec2874-27b0-11e3-9aa3-00238b8a45d8',1),(10139,766,516,'IN',1,'7f2361f2-27b1-11e3-9aa3-00238b8a45d8',1),(10140,769,518,'IN',1,'7f2361f2-27b1-11e3-9aa3-00238b8a45d8',1),(10141,770,517,'OUT',0.5,'7f2361f2-27b1-11e3-9aa3-00238b8a45d8',1),(10142,773,520,'IN',1,'7f2361f2-27b1-11e3-9aa3-00238b8a45d8',1),(10143,775,521,'OUT',0.5,'7f2361f2-27b1-11e3-9aa3-00238b8a45d8',1),(10144,776,522,'IN',1,'7f2361f2-27b1-11e3-9aa3-00238b8a45d8',1),(10145,777,523,'OUT',0.5,'7f2361f2-27b1-11e3-9aa3-00238b8a45d8',1),(10146,779,525,'IN',1,'8e33855a-27b1-11e3-9aa3-00238b8a45d8',1),(10147,782,527,'IN',1,'8e33855a-27b1-11e3-9aa3-00238b8a45d8',1),(10148,783,526,'OUT',0.5,'8e33855a-27b1-11e3-9aa3-00238b8a45d8',1),(10149,786,529,'IN',1,'8e33855a-27b1-11e3-9aa3-00238b8a45d8',1),(10150,788,530,'OUT',0.5,'8e33855a-27b1-11e3-9aa3-00238b8a45d8',1),(10151,789,531,'IN',1,'8e33855a-27b1-11e3-9aa3-00238b8a45d8',1),(10152,790,532,'OUT',0.5,'8e33855a-27b1-11e3-9aa3-00238b8a45d8',1),(10153,792,534,'IN',1,'853c2186-27b2-11e3-9aa3-00238b8a45d8',1),(10154,795,536,'IN',1,'853c2186-27b2-11e3-9aa3-00238b8a45d8',1),(10155,796,535,'OUT',0.5,'853c2186-27b2-11e3-9aa3-00238b8a45d8',1),(10156,799,538,'IN',1,'853c2186-27b2-11e3-9aa3-00238b8a45d8',1),(10157,801,539,'OUT',0.5,'853c2186-27b2-11e3-9aa3-00238b8a45d8',1),(10158,802,540,'IN',1,'853c2186-27b2-11e3-9aa3-00238b8a45d8',1),(10159,803,541,'OUT',0.5,'853c2186-27b2-11e3-9aa3-00238b8a45d8',1),(10160,805,543,'IN',1,'c3030178-27b3-11e3-9aa3-00238b8a45d8',1),(10161,808,545,'IN',1,'c3030178-27b3-11e3-9aa3-00238b8a45d8',1),(10162,809,544,'OUT',0.5,'c3030178-27b3-11e3-9aa3-00238b8a45d8',1),(10163,812,547,'IN',1,'c3030178-27b3-11e3-9aa3-00238b8a45d8',1),(10164,814,548,'OUT',0.5,'c3030178-27b3-11e3-9aa3-00238b8a45d8',1),(10165,815,549,'IN',1,'c3030178-27b3-11e3-9aa3-00238b8a45d8',1),(10166,816,550,'OUT',0.5,'c3030178-27b3-11e3-9aa3-00238b8a45d8',1),(10188,857,552,'IN',1,'b77c6a3c-27b4-11e3-9aa3-00238b8a45d8',1),(10189,860,578,'IN',1,'b77c6a3c-27b4-11e3-9aa3-00238b8a45d8',1),(10190,861,577,'OUT',0.5,'b77c6a3c-27b4-11e3-9aa3-00238b8a45d8',1),(10191,864,580,'IN',1,'b77c6a3c-27b4-11e3-9aa3-00238b8a45d8',1),(10192,866,581,'OUT',0.5,'b77c6a3c-27b4-11e3-9aa3-00238b8a45d8',1),(10193,867,582,'IN',1,'b77c6a3c-27b4-11e3-9aa3-00238b8a45d8',1),(10194,868,583,'OUT',0.5,'b77c6a3c-27b4-11e3-9aa3-00238b8a45d8',1),(10195,870,585,'IN',1,'872eab26-27bc-11e3-9aa3-00238b8a45d8',1),(10196,873,587,'IN',1,'872eab26-27bc-11e3-9aa3-00238b8a45d8',1),(10197,874,586,'OUT',0.5,'872eab26-27bc-11e3-9aa3-00238b8a45d8',1),(10198,877,589,'IN',1,'872eab26-27bc-11e3-9aa3-00238b8a45d8',1),(10199,879,590,'OUT',0.5,'872eab26-27bc-11e3-9aa3-00238b8a45d8',1),(10200,880,591,'IN',1,'872eab26-27bc-11e3-9aa3-00238b8a45d8',1),(10201,881,592,'OUT',0.5,'872eab26-27bc-11e3-9aa3-00238b8a45d8',1),(10226,973,594,'IN',0.5,'026c9118-4036-11e3-9aa3-00238b8a45d8',1),(10227,981,653,'OUT',0.5,'026c9118-4036-11e3-9aa3-00238b8a45d8',1),(10228,981,653,'OUT',0.3,'026c9118-4036-11e3-9aa3-00238b8a45d8',1),(10229,987,656,'IN',0.8,'026c9118-4036-11e3-9aa3-00238b8a45d8',1);
/*!40000 ALTER TABLE `parent_argument` ENABLE KEYS */;
UNLOCK TABLES;

--
-- Table structure for table `parent_argument_attacks_argument`
--

DROP TABLE IF EXISTS `parent_argument_attacks_argument`;
/*!40101 SET @saved_cs_client     = @@character_set_client */;
/*!40101 SET character_set_client = utf8 */;
CREATE TABLE `parent_argument_attacks_argument` (
  `fromParentArgID` int(11) NOT NULL,
  `toParentArgID` int(11) NOT NULL,
  `attackType` varchar(45) DEFAULT NULL,
  `isIncluded` tinyint(4) DEFAULT NULL,
  PRIMARY KEY (`fromParentArgID`,`toParentArgID`)
) ENGINE=InnoDB DEFAULT CHARSET=latin1;
/*!40101 SET character_set_client = @saved_cs_client */;

--
-- Dumping data for table `parent_argument_attacks_argument`
--

LOCK TABLES `parent_argument_attacks_argument` WRITE;
/*!40000 ALTER TABLE `parent_argument_attacks_argument` DISABLE KEYS */;
INSERT INTO `parent_argument_attacks_argument` VALUES (10105,10106,'rebut',1),(10106,10104,'undermine',2),(10106,10105,'rebut',2),(10107,10106,'undermine',1),(10107,10110,'rebut',1),(10108,10107,'undermine',2),(10108,10109,'rebut',2),(10109,10108,'rebut',1),(10110,10107,'rebut',2),(10112,10113,'rebut',1),(10113,10111,'undermine',2),(10113,10112,'rebut',2),(10114,10113,'undermine',1),(10114,10117,'rebut',1),(10115,10114,'undermine',2),(10115,10116,'rebut',2),(10116,10115,'rebut',1),(10117,10114,'rebut',2),(10119,10120,'rebut',1),(10120,10118,'undermine',2),(10120,10119,'rebut',2),(10121,10120,'undermine',1),(10121,10124,'rebut',1),(10122,10121,'undermine',2),(10122,10123,'rebut',2),(10123,10122,'rebut',1),(10124,10121,'rebut',2),(10126,10127,'rebut',1),(10127,10125,'undermine',2),(10127,10126,'rebut',2),(10128,10127,'undermine',1),(10128,10131,'rebut',1),(10129,10128,'undermine',2),(10129,10130,'rebut',2),(10130,10129,'rebut',1),(10131,10128,'rebut',2),(10133,10134,'rebut',1),(10134,10132,'undermine',2),(10134,10133,'rebut',2),(10135,10134,'undermine',1),(10135,10138,'rebut',1),(10136,10135,'undermine',2),(10136,10137,'rebut',2),(10137,10136,'rebut',1),(10138,10135,'rebut',2),(10140,10141,'rebut',1),(10141,10139,'undermine',2),(10141,10140,'rebut',2),(10142,10141,'undermine',1),(10142,10145,'rebut',1),(10143,10142,'undermine',2),(10143,10144,'rebut',2),(10144,10143,'rebut',1),(10145,10142,'rebut',2),(10147,10148,'rebut',1),(10148,10146,'undermine',2),(10148,10147,'rebut',2),(10149,10148,'undermine',1),(10149,10152,'rebut',1),(10150,10149,'undermine',2),(10150,10151,'rebut',2),(10151,10150,'rebut',1),(10152,10149,'rebut',2),(10154,10155,'rebut',1),(10155,10153,'undermine',2),(10155,10154,'rebut',2),(10156,10155,'undermine',1),(10156,10159,'rebut',1),(10157,10156,'undermine',2),(10157,10158,'rebut',2),(10158,10157,'rebut',1),(10159,10156,'rebut',2),(10161,10162,'rebut',1),(10162,10160,'undermine',2),(10162,10161,'rebut',2),(10163,10162,'undermine',1),(10163,10166,'rebut',1),(10164,10163,'undermine',2),(10164,10165,'rebut',2),(10165,10164,'rebut',1),(10166,10163,'rebut',2),(10168,10169,'rebut',1),(10169,10167,'undermine',2),(10169,10168,'rebut',2),(10170,10169,'undermine',1),(10170,10173,'rebut',1),(10171,10170,'undermine',2),(10171,10172,'rebut',2),(10172,10171,'rebut',1),(10173,10170,'rebut',2),(10175,10176,'rebut',1),(10176,10174,'undermine',2),(10176,10175,'rebut',2),(10177,10176,'undermine',1),(10177,10180,'rebut',1),(10178,10177,'undermine',2),(10178,10179,'rebut',2),(10179,10178,'rebut',1),(10180,10177,'rebut',2),(10182,10183,'rebut',1),(10183,10181,'undermine',2),(10183,10182,'rebut',2),(10184,10183,'undermine',1),(10184,10187,'rebut',1),(10185,10184,'undermine',2),(10185,10186,'rebut',2),(10186,10185,'rebut',1),(10187,10184,'rebut',2),(10189,10190,'rebut',1),(10190,10188,'undermine',2),(10190,10189,'rebut',2),(10191,10190,'undermine',1),(10191,10194,'rebut',1),(10192,10191,'undermine',2),(10192,10193,'rebut',2),(10193,10192,'rebut',1),(10194,10191,'rebut',2),(10196,10197,'rebut',1),(10197,10195,'undermine',2),(10197,10196,'rebut',2),(10198,10197,'undermine',1),(10198,10201,'rebut',1),(10199,10198,'undermine',2),(10199,10200,'rebut',2),(10200,10199,'rebut',1),(10201,10198,'rebut',2),(10203,10202,'undermine',1),(10203,10205,'rebut',2),(10204,10202,'undermine',2),(10204,10205,'rebut',2),(10205,10203,'rebut',1),(10205,10204,'rebut',1),(10207,10206,'undermine',1),(10207,10209,'rebut',2),(10208,10206,'undermine',2),(10208,10209,'rebut',2),(10209,10207,'rebut',1),(10209,10208,'rebut',1),(10211,10210,'undermine',1),(10211,10213,'rebut',2),(10212,10210,'undermine',2),(10212,10213,'rebut',2),(10213,10211,'rebut',1),(10213,10212,'rebut',1),(10215,10214,'undermine',1),(10215,10217,'rebut',2),(10216,10214,'undermine',2),(10216,10217,'rebut',2),(10217,10215,'rebut',1),(10217,10216,'rebut',1),(10219,10218,'undermine',1),(10219,10221,'rebut',2),(10220,10218,'undermine',2),(10220,10221,'rebut',2),(10221,10219,'rebut',1),(10221,10220,'rebut',1),(10223,10222,'undermine',1),(10223,10225,'rebut',2),(10224,10222,'undermine',2),(10224,10225,'rebut',2),(10225,10223,'rebut',1),(10225,10224,'rebut',1),(10227,10226,'undermine',1),(10227,10229,'rebut',2),(10228,10226,'undermine',2),(10228,10229,'rebut',2),(10229,10227,'rebut',1),(10229,10228,'rebut',1);
/*!40000 ALTER TABLE `parent_argument_attacks_argument` ENABLE KEYS */;
UNLOCK TABLES;

--
-- Table structure for table `parent_argument_has_argument`
--

DROP TABLE IF EXISTS `parent_argument_has_argument`;
/*!40101 SET @saved_cs_client     = @@character_set_client */;
/*!40101 SET character_set_client = utf8 */;
CREATE TABLE `parent_argument_has_argument` (
  `parentArgumentID` int(11) NOT NULL,
  `argumentID` int(11) NOT NULL,
  PRIMARY KEY (`parentArgumentID`,`argumentID`)
) ENGINE=InnoDB DEFAULT CHARSET=latin1;
/*!40101 SET character_set_client = @saved_cs_client */;

--
-- Dumping data for table `parent_argument_has_argument`
--

LOCK TABLES `parent_argument_has_argument` WRITE;
/*!40000 ALTER TABLE `parent_argument_has_argument` DISABLE KEYS */;
INSERT INTO `parent_argument_has_argument` VALUES (10104,701),(10104,702),(10105,704),(10106,705),(10106,706),(10106,707),(10107,708),(10107,709),(10108,710),(10109,711),(10110,712),(10110,713),(10111,714),(10111,715),(10112,717),(10113,718),(10113,719),(10113,720),(10114,721),(10114,722),(10115,723),(10116,724),(10117,725),(10117,726),(10118,727),(10118,728),(10119,730),(10120,731),(10120,732),(10120,733),(10121,734),(10121,735),(10122,736),(10123,737),(10124,738),(10124,739),(10125,740),(10125,741),(10126,743),(10127,744),(10127,745),(10127,746),(10128,747),(10128,748),(10129,749),(10130,750),(10131,751),(10131,752),(10132,753),(10132,754),(10133,756),(10134,757),(10134,758),(10134,759),(10135,760),(10135,761),(10136,762),(10137,763),(10138,764),(10138,765),(10139,766),(10139,767),(10140,769),(10141,770),(10141,771),(10141,772),(10142,773),(10142,774),(10143,775),(10144,776),(10145,777),(10145,778),(10146,779),(10146,780),(10147,782),(10148,783),(10148,784),(10148,785),(10149,786),(10149,787),(10150,788),(10151,789),(10152,790),(10152,791),(10153,792),(10153,793),(10154,795),(10155,796),(10155,797),(10155,798),(10156,799),(10156,800),(10157,801),(10158,802),(10159,803),(10159,804),(10160,805),(10160,806),(10161,808),(10162,809),(10162,810),(10162,811),(10163,812),(10163,813),(10164,814),(10165,815),(10166,816),(10166,817),(10188,857),(10188,858),(10189,860),(10190,861),(10190,862),(10190,863),(10191,864),(10191,865),(10192,866),(10193,867),(10194,868),(10194,869),(10195,870),(10195,871),(10196,873),(10197,874),(10197,875),(10197,876),(10198,877),(10198,878),(10199,879),(10200,880),(10201,881),(10201,882),(10226,973),(10226,974),(10226,975),(10226,976),(10226,980),(10227,981),(10227,982),(10227,983),(10227,984),(10227,985),(10228,981),(10228,982),(10228,983),(10228,986),(10229,987);
/*!40000 ALTER TABLE `parent_argument_has_argument` ENABLE KEYS */;
UNLOCK TABLES;

--
-- Table structure for table `predicate_has_constant`
--

DROP TABLE IF EXISTS `predicate_has_constant`;
/*!40101 SET @saved_cs_client     = @@character_set_client */;
/*!40101 SET character_set_client = utf8 */;
CREATE TABLE `predicate_has_constant` (
  `predicateConstantID` int(11) NOT NULL AUTO_INCREMENT,
  `predicateID` int(11) NOT NULL,
  `constantID` int(11) NOT NULL,
  PRIMARY KEY (`predicateConstantID`)
) ENGINE=InnoDB AUTO_INCREMENT=25 DEFAULT CHARSET=latin1;
/*!40101 SET character_set_client = @saved_cs_client */;

--
-- Dumping data for table `predicate_has_constant`
--

LOCK TABLES `predicate_has_constant` WRITE;
/*!40000 ALTER TABLE `predicate_has_constant` DISABLE KEYS */;
INSERT INTO `predicate_has_constant` VALUES (12,12,10),(13,13,7),(14,14,9),(15,14,14),(16,14,12),(17,14,13),(18,17,17),(19,15,16),(20,15,15),(21,16,15),(22,18,17),(23,15,18),(24,15,19);
/*!40000 ALTER TABLE `predicate_has_constant` ENABLE KEYS */;
UNLOCK TABLES;

--
-- Table structure for table `predicate_has_constant_names`
--

DROP TABLE IF EXISTS `predicate_has_constant_names`;
/*!40101 SET @saved_cs_client     = @@character_set_client */;
/*!40101 SET character_set_client = utf8 */;
CREATE TABLE `predicate_has_constant_names` (
  `predicateConstantID` int(11) DEFAULT NULL,
  `predicateName` varchar(45) DEFAULT NULL,
  `constantName` varchar(55) DEFAULT NULL
) ENGINE=MyISAM DEFAULT CHARSET=latin1;
/*!40101 SET character_set_client = @saved_cs_client */;

--
-- Dumping data for table `predicate_has_constant_names`
--

LOCK TABLES `predicate_has_constant_names` WRITE;
/*!40000 ALTER TABLE `predicate_has_constant_names` DISABLE KEYS */;
/*!40000 ALTER TABLE `predicate_has_constant_names` ENABLE KEYS */;
UNLOCK TABLES;

--
-- Table structure for table `predicates`
--

DROP TABLE IF EXISTS `predicates`;
/*!40101 SET @saved_cs_client     = @@character_set_client */;
/*!40101 SET character_set_client = utf8 */;
CREATE TABLE `predicates` (
  `predicateID` int(11) NOT NULL AUTO_INCREMENT,
  `name` varchar(45) DEFAULT NULL,
  PRIMARY KEY (`predicateID`)
) ENGINE=InnoDB AUTO_INCREMENT=19 DEFAULT CHARSET=latin1;
/*!40101 SET character_set_client = @saved_cs_client */;

--
-- Dumping data for table `predicates`
--

LOCK TABLES `predicates` WRITE;
/*!40000 ALTER TABLE `predicates` DISABLE KEYS */;
INSERT INTO `predicates` VALUES (12,'unstoppable'),(13,'Winner'),(14,'Example'),(15,'InArea'),(16,'Many'),(17,'Safe'),(18,'Proceed');
/*!40000 ALTER TABLE `predicates` ENABLE KEYS */;
UNLOCK TABLES;

--
-- Table structure for table `question_attacks_arguments`
--

DROP TABLE IF EXISTS `question_attacks_arguments`;
/*!40101 SET @saved_cs_client     = @@character_set_client */;
/*!40101 SET character_set_client = utf8 */;
CREATE TABLE `question_attacks_arguments` (
  `questionArgumentID` int(11) NOT NULL AUTO_INCREMENT,
  `questionID` int(11) NOT NULL,
  `argumentID` int(11) NOT NULL,
  `sessionID` varchar(45) NOT NULL,
  `timestep` int(11) NOT NULL,
  PRIMARY KEY (`questionArgumentID`,`sessionID`,`timestep`)
) ENGINE=InnoDB AUTO_INCREMENT=988 DEFAULT CHARSET=latin1;
/*!40101 SET character_set_client = @saved_cs_client */;

--
-- Dumping data for table `question_attacks_arguments`
--

LOCK TABLES `question_attacks_arguments` WRITE;
/*!40000 ALTER TABLE `question_attacks_arguments` DISABLE KEYS */;
INSERT INTO `question_attacks_arguments` VALUES (701,472,704,'14cc1826-27a7-11e3-b999-00238b8a45d8',1),(702,473,703,'14cc1826-27a7-11e3-b999-00238b8a45d8',1),(703,474,707,'14cc1826-27a7-11e3-b999-00238b8a45d8',1),(704,476,711,'14cc1826-27a7-11e3-b999-00238b8a45d8',1),(705,477,710,'14cc1826-27a7-11e3-b999-00238b8a45d8',1),(706,476,709,'14cc1826-27a7-11e3-b999-00238b8a45d8',1),(707,474,713,'14cc1826-27a7-11e3-b999-00238b8a45d8',1),(708,475,712,'14cc1826-27a7-11e3-b999-00238b8a45d8',1),(709,478,708,'14cc1826-27a7-11e3-b999-00238b8a45d8',1),(710,475,706,'14cc1826-27a7-11e3-b999-00238b8a45d8',1),(711,473,705,'14cc1826-27a7-11e3-b999-00238b8a45d8',1),(712,472,702,'14cc1826-27a7-11e3-b999-00238b8a45d8',1),(713,479,701,'14cc1826-27a7-11e3-b999-00238b8a45d8',1),(714,481,717,'2c5bb05a-27ac-11e3-9aa3-00238b8a45d8',1),(715,482,716,'2c5bb05a-27ac-11e3-9aa3-00238b8a45d8',1),(716,483,720,'2c5bb05a-27ac-11e3-9aa3-00238b8a45d8',1),(717,485,724,'2c5bb05a-27ac-11e3-9aa3-00238b8a45d8',1),(718,486,723,'2c5bb05a-27ac-11e3-9aa3-00238b8a45d8',1),(719,485,722,'2c5bb05a-27ac-11e3-9aa3-00238b8a45d8',1),(720,483,726,'2c5bb05a-27ac-11e3-9aa3-00238b8a45d8',1),(721,484,725,'2c5bb05a-27ac-11e3-9aa3-00238b8a45d8',1),(722,487,721,'2c5bb05a-27ac-11e3-9aa3-00238b8a45d8',1),(723,484,719,'2c5bb05a-27ac-11e3-9aa3-00238b8a45d8',1),(724,482,718,'2c5bb05a-27ac-11e3-9aa3-00238b8a45d8',1),(725,481,715,'2c5bb05a-27ac-11e3-9aa3-00238b8a45d8',1),(726,488,714,'2c5bb05a-27ac-11e3-9aa3-00238b8a45d8',1),(727,490,730,'3758a0ca-27ad-11e3-9aa3-00238b8a45d8',1),(728,491,729,'3758a0ca-27ad-11e3-9aa3-00238b8a45d8',1),(729,492,733,'3758a0ca-27ad-11e3-9aa3-00238b8a45d8',1),(730,494,737,'3758a0ca-27ad-11e3-9aa3-00238b8a45d8',1),(731,495,736,'3758a0ca-27ad-11e3-9aa3-00238b8a45d8',1),(732,494,735,'3758a0ca-27ad-11e3-9aa3-00238b8a45d8',1),(733,492,739,'3758a0ca-27ad-11e3-9aa3-00238b8a45d8',1),(734,493,738,'3758a0ca-27ad-11e3-9aa3-00238b8a45d8',1),(735,496,734,'3758a0ca-27ad-11e3-9aa3-00238b8a45d8',1),(736,493,732,'3758a0ca-27ad-11e3-9aa3-00238b8a45d8',1),(737,491,731,'3758a0ca-27ad-11e3-9aa3-00238b8a45d8',1),(738,490,728,'3758a0ca-27ad-11e3-9aa3-00238b8a45d8',1),(739,497,727,'3758a0ca-27ad-11e3-9aa3-00238b8a45d8',1),(740,499,743,'ba734cf2-27ae-11e3-9aa3-00238b8a45d8',1),(741,500,742,'ba734cf2-27ae-11e3-9aa3-00238b8a45d8',1),(742,501,746,'ba734cf2-27ae-11e3-9aa3-00238b8a45d8',1),(743,503,750,'ba734cf2-27ae-11e3-9aa3-00238b8a45d8',1),(744,504,749,'ba734cf2-27ae-11e3-9aa3-00238b8a45d8',1),(745,503,748,'ba734cf2-27ae-11e3-9aa3-00238b8a45d8',1),(746,501,752,'ba734cf2-27ae-11e3-9aa3-00238b8a45d8',1),(747,502,751,'ba734cf2-27ae-11e3-9aa3-00238b8a45d8',1),(748,505,747,'ba734cf2-27ae-11e3-9aa3-00238b8a45d8',1),(749,502,745,'ba734cf2-27ae-11e3-9aa3-00238b8a45d8',1),(750,500,744,'ba734cf2-27ae-11e3-9aa3-00238b8a45d8',1),(751,499,741,'ba734cf2-27ae-11e3-9aa3-00238b8a45d8',1),(752,506,740,'ba734cf2-27ae-11e3-9aa3-00238b8a45d8',1),(753,508,756,'14ec2874-27b0-11e3-9aa3-00238b8a45d8',1),(754,509,755,'14ec2874-27b0-11e3-9aa3-00238b8a45d8',1),(755,510,759,'14ec2874-27b0-11e3-9aa3-00238b8a45d8',1),(756,512,763,'14ec2874-27b0-11e3-9aa3-00238b8a45d8',1),(757,513,762,'14ec2874-27b0-11e3-9aa3-00238b8a45d8',1),(758,512,761,'14ec2874-27b0-11e3-9aa3-00238b8a45d8',1),(759,510,765,'14ec2874-27b0-11e3-9aa3-00238b8a45d8',1),(760,511,764,'14ec2874-27b0-11e3-9aa3-00238b8a45d8',1),(761,514,760,'14ec2874-27b0-11e3-9aa3-00238b8a45d8',1),(762,511,758,'14ec2874-27b0-11e3-9aa3-00238b8a45d8',1),(763,509,757,'14ec2874-27b0-11e3-9aa3-00238b8a45d8',1),(764,508,754,'14ec2874-27b0-11e3-9aa3-00238b8a45d8',1),(765,515,753,'14ec2874-27b0-11e3-9aa3-00238b8a45d8',1),(766,517,769,'7f2361f2-27b1-11e3-9aa3-00238b8a45d8',1),(767,518,768,'7f2361f2-27b1-11e3-9aa3-00238b8a45d8',1),(768,519,772,'7f2361f2-27b1-11e3-9aa3-00238b8a45d8',1),(769,521,776,'7f2361f2-27b1-11e3-9aa3-00238b8a45d8',1),(770,522,775,'7f2361f2-27b1-11e3-9aa3-00238b8a45d8',1),(771,521,774,'7f2361f2-27b1-11e3-9aa3-00238b8a45d8',1),(772,519,778,'7f2361f2-27b1-11e3-9aa3-00238b8a45d8',1),(773,520,777,'7f2361f2-27b1-11e3-9aa3-00238b8a45d8',1),(774,523,773,'7f2361f2-27b1-11e3-9aa3-00238b8a45d8',1),(775,520,771,'7f2361f2-27b1-11e3-9aa3-00238b8a45d8',1),(776,518,770,'7f2361f2-27b1-11e3-9aa3-00238b8a45d8',1),(777,517,767,'7f2361f2-27b1-11e3-9aa3-00238b8a45d8',1),(778,524,766,'7f2361f2-27b1-11e3-9aa3-00238b8a45d8',1),(779,526,782,'8e33855a-27b1-11e3-9aa3-00238b8a45d8',1),(780,527,781,'8e33855a-27b1-11e3-9aa3-00238b8a45d8',1),(781,528,785,'8e33855a-27b1-11e3-9aa3-00238b8a45d8',1),(782,530,789,'8e33855a-27b1-11e3-9aa3-00238b8a45d8',1),(783,531,788,'8e33855a-27b1-11e3-9aa3-00238b8a45d8',1),(784,530,787,'8e33855a-27b1-11e3-9aa3-00238b8a45d8',1),(785,528,791,'8e33855a-27b1-11e3-9aa3-00238b8a45d8',1),(786,529,790,'8e33855a-27b1-11e3-9aa3-00238b8a45d8',1),(787,532,786,'8e33855a-27b1-11e3-9aa3-00238b8a45d8',1),(788,529,784,'8e33855a-27b1-11e3-9aa3-00238b8a45d8',1),(789,527,783,'8e33855a-27b1-11e3-9aa3-00238b8a45d8',1),(790,526,780,'8e33855a-27b1-11e3-9aa3-00238b8a45d8',1),(791,533,779,'8e33855a-27b1-11e3-9aa3-00238b8a45d8',1),(792,535,795,'853c2186-27b2-11e3-9aa3-00238b8a45d8',1),(793,536,794,'853c2186-27b2-11e3-9aa3-00238b8a45d8',1),(794,537,798,'853c2186-27b2-11e3-9aa3-00238b8a45d8',1),(795,539,802,'853c2186-27b2-11e3-9aa3-00238b8a45d8',1),(796,540,801,'853c2186-27b2-11e3-9aa3-00238b8a45d8',1),(797,539,800,'853c2186-27b2-11e3-9aa3-00238b8a45d8',1),(798,537,804,'853c2186-27b2-11e3-9aa3-00238b8a45d8',1),(799,538,803,'853c2186-27b2-11e3-9aa3-00238b8a45d8',1),(800,541,799,'853c2186-27b2-11e3-9aa3-00238b8a45d8',1),(801,538,797,'853c2186-27b2-11e3-9aa3-00238b8a45d8',1),(802,536,796,'853c2186-27b2-11e3-9aa3-00238b8a45d8',1),(803,535,793,'853c2186-27b2-11e3-9aa3-00238b8a45d8',1),(804,542,792,'853c2186-27b2-11e3-9aa3-00238b8a45d8',1),(805,544,808,'c3030178-27b3-11e3-9aa3-00238b8a45d8',1),(806,545,807,'c3030178-27b3-11e3-9aa3-00238b8a45d8',1),(807,546,811,'c3030178-27b3-11e3-9aa3-00238b8a45d8',1),(808,548,815,'c3030178-27b3-11e3-9aa3-00238b8a45d8',1),(809,549,814,'c3030178-27b3-11e3-9aa3-00238b8a45d8',1),(810,548,813,'c3030178-27b3-11e3-9aa3-00238b8a45d8',1),(811,546,817,'c3030178-27b3-11e3-9aa3-00238b8a45d8',1),(812,547,816,'c3030178-27b3-11e3-9aa3-00238b8a45d8',1),(813,550,812,'c3030178-27b3-11e3-9aa3-00238b8a45d8',1),(814,547,810,'c3030178-27b3-11e3-9aa3-00238b8a45d8',1),(815,545,809,'c3030178-27b3-11e3-9aa3-00238b8a45d8',1),(816,544,806,'c3030178-27b3-11e3-9aa3-00238b8a45d8',1),(817,551,805,'c3030178-27b3-11e3-9aa3-00238b8a45d8',1),(857,577,860,'b77c6a3c-27b4-11e3-9aa3-00238b8a45d8',1),(858,578,859,'b77c6a3c-27b4-11e3-9aa3-00238b8a45d8',1),(859,579,863,'b77c6a3c-27b4-11e3-9aa3-00238b8a45d8',1),(860,581,867,'b77c6a3c-27b4-11e3-9aa3-00238b8a45d8',1),(861,582,866,'b77c6a3c-27b4-11e3-9aa3-00238b8a45d8',1),(862,581,865,'b77c6a3c-27b4-11e3-9aa3-00238b8a45d8',1),(863,579,869,'b77c6a3c-27b4-11e3-9aa3-00238b8a45d8',1),(864,580,868,'b77c6a3c-27b4-11e3-9aa3-00238b8a45d8',1),(865,583,864,'b77c6a3c-27b4-11e3-9aa3-00238b8a45d8',1),(866,580,862,'b77c6a3c-27b4-11e3-9aa3-00238b8a45d8',1),(867,578,861,'b77c6a3c-27b4-11e3-9aa3-00238b8a45d8',1),(868,577,858,'b77c6a3c-27b4-11e3-9aa3-00238b8a45d8',1),(869,584,857,'b77c6a3c-27b4-11e3-9aa3-00238b8a45d8',1),(870,586,873,'872eab26-27bc-11e3-9aa3-00238b8a45d8',1),(871,587,872,'872eab26-27bc-11e3-9aa3-00238b8a45d8',1),(872,588,876,'872eab26-27bc-11e3-9aa3-00238b8a45d8',1),(873,590,880,'872eab26-27bc-11e3-9aa3-00238b8a45d8',1),(874,591,879,'872eab26-27bc-11e3-9aa3-00238b8a45d8',1),(875,590,878,'872eab26-27bc-11e3-9aa3-00238b8a45d8',1),(876,588,882,'872eab26-27bc-11e3-9aa3-00238b8a45d8',1),(877,589,881,'872eab26-27bc-11e3-9aa3-00238b8a45d8',1),(878,592,877,'872eab26-27bc-11e3-9aa3-00238b8a45d8',1),(879,589,875,'872eab26-27bc-11e3-9aa3-00238b8a45d8',1),(880,587,874,'872eab26-27bc-11e3-9aa3-00238b8a45d8',1),(881,586,871,'872eab26-27bc-11e3-9aa3-00238b8a45d8',1),(882,593,870,'872eab26-27bc-11e3-9aa3-00238b8a45d8',1),(973,649,976,'026c9118-4036-11e3-9aa3-00238b8a45d8',1),(974,649,979,'026c9118-4036-11e3-9aa3-00238b8a45d8',1),(975,650,978,'026c9118-4036-11e3-9aa3-00238b8a45d8',1),(976,651,977,'026c9118-4036-11e3-9aa3-00238b8a45d8',1),(977,650,975,'026c9118-4036-11e3-9aa3-00238b8a45d8',1),(978,652,974,'026c9118-4036-11e3-9aa3-00238b8a45d8',1),(979,649,983,'026c9118-4036-11e3-9aa3-00238b8a45d8',1),(980,650,982,'026c9118-4036-11e3-9aa3-00238b8a45d8',1),(981,654,985,'026c9118-4036-11e3-9aa3-00238b8a45d8',1),(982,655,984,'026c9118-4036-11e3-9aa3-00238b8a45d8',1),(983,655,986,'026c9118-4036-11e3-9aa3-00238b8a45d8',1),(984,653,987,'026c9118-4036-11e3-9aa3-00238b8a45d8',1),(985,656,981,'026c9118-4036-11e3-9aa3-00238b8a45d8',1),(986,653,980,'026c9118-4036-11e3-9aa3-00238b8a45d8',1),(987,657,973,'026c9118-4036-11e3-9aa3-00238b8a45d8',1);
/*!40000 ALTER TABLE `question_attacks_arguments` ENABLE KEYS */;
UNLOCK TABLES;

--
-- Table structure for table `question_has_status`
--

DROP TABLE IF EXISTS `question_has_status`;
/*!40101 SET @saved_cs_client     = @@character_set_client */;
/*!40101 SET character_set_client = utf8 */;
CREATE TABLE `question_has_status` (
  `questionStatusID` int(11) NOT NULL AUTO_INCREMENT,
  `questionID` int(11) NOT NULL,
  `statusID` int(11) NOT NULL,
  `sessionID` varchar(45) NOT NULL,
  `timestep` int(11) NOT NULL,
  PRIMARY KEY (`questionStatusID`,`sessionID`,`timestep`)
) ENGINE=InnoDB DEFAULT CHARSET=latin1;
/*!40101 SET character_set_client = @saved_cs_client */;

--
-- Dumping data for table `question_has_status`
--

LOCK TABLES `question_has_status` WRITE;
/*!40000 ALTER TABLE `question_has_status` DISABLE KEYS */;
/*!40000 ALTER TABLE `question_has_status` ENABLE KEYS */;
UNLOCK TABLES;

--
-- Table structure for table `questions`
--

DROP TABLE IF EXISTS `questions`;
/*!40101 SET @saved_cs_client     = @@character_set_client */;
/*!40101 SET character_set_client = utf8 */;
CREATE TABLE `questions` (
  `questionID` int(11) NOT NULL AUTO_INCREMENT,
  `agentID` int(11) NOT NULL,
  `conclusionID` int(11) NOT NULL,
  `isNegated` smallint(6) NOT NULL,
  `isAttack` smallint(6) NOT NULL,
  `isProcessed` smallint(6) NOT NULL,
  `isSupported` smallint(6) NOT NULL,
  `attackType` varchar(45) DEFAULT NULL,
  `sessionID` varchar(45) NOT NULL,
  `timestep` int(11) NOT NULL,
  PRIMARY KEY (`questionID`,`sessionID`,`timestep`)
) ENGINE=InnoDB AUTO_INCREMENT=658 DEFAULT CHARSET=latin1;
/*!40101 SET character_set_client = @saved_cs_client */;

--
-- Dumping data for table `questions`
--

LOCK TABLES `questions` WRITE;
/*!40000 ALTER TABLE `questions` DISABLE KEYS */;
INSERT INTO `questions` VALUES (471,8,13,0,0,0,1,NULL,'14cc1826-27a7-11e3-b999-00238b8a45d8',1),(472,8,12,1,1,0,1,NULL,'14cc1826-27a7-11e3-b999-00238b8a45d8',1),(473,8,12,0,1,0,1,NULL,'14cc1826-27a7-11e3-b999-00238b8a45d8',1),(474,8,16,1,1,0,0,NULL,'14cc1826-27a7-11e3-b999-00238b8a45d8',1),(475,8,15,1,1,0,1,NULL,'14cc1826-27a7-11e3-b999-00238b8a45d8',1),(476,8,17,1,1,0,1,NULL,'14cc1826-27a7-11e3-b999-00238b8a45d8',1),(477,8,17,0,1,0,1,NULL,'14cc1826-27a7-11e3-b999-00238b8a45d8',1),(478,8,15,0,1,0,1,NULL,'14cc1826-27a7-11e3-b999-00238b8a45d8',1),(479,8,13,1,1,0,0,NULL,'14cc1826-27a7-11e3-b999-00238b8a45d8',1),(480,8,13,0,0,0,1,NULL,'2c5bb05a-27ac-11e3-9aa3-00238b8a45d8',1),(481,8,12,1,1,0,1,NULL,'2c5bb05a-27ac-11e3-9aa3-00238b8a45d8',1),(482,8,12,0,1,0,1,NULL,'2c5bb05a-27ac-11e3-9aa3-00238b8a45d8',1),(483,8,16,1,1,0,0,NULL,'2c5bb05a-27ac-11e3-9aa3-00238b8a45d8',1),(484,8,15,1,1,0,1,NULL,'2c5bb05a-27ac-11e3-9aa3-00238b8a45d8',1),(485,8,17,1,1,0,1,NULL,'2c5bb05a-27ac-11e3-9aa3-00238b8a45d8',1),(486,8,17,0,1,0,1,NULL,'2c5bb05a-27ac-11e3-9aa3-00238b8a45d8',1),(487,8,15,0,1,0,1,NULL,'2c5bb05a-27ac-11e3-9aa3-00238b8a45d8',1),(488,8,13,1,1,0,0,NULL,'2c5bb05a-27ac-11e3-9aa3-00238b8a45d8',1),(489,8,13,0,0,0,1,NULL,'3758a0ca-27ad-11e3-9aa3-00238b8a45d8',1),(490,8,12,1,1,0,1,NULL,'3758a0ca-27ad-11e3-9aa3-00238b8a45d8',1),(491,8,12,0,1,0,1,NULL,'3758a0ca-27ad-11e3-9aa3-00238b8a45d8',1),(492,8,16,1,1,0,0,NULL,'3758a0ca-27ad-11e3-9aa3-00238b8a45d8',1),(493,8,15,1,1,0,1,NULL,'3758a0ca-27ad-11e3-9aa3-00238b8a45d8',1),(494,8,17,1,1,0,1,NULL,'3758a0ca-27ad-11e3-9aa3-00238b8a45d8',1),(495,8,17,0,1,0,1,NULL,'3758a0ca-27ad-11e3-9aa3-00238b8a45d8',1),(496,8,15,0,1,0,1,NULL,'3758a0ca-27ad-11e3-9aa3-00238b8a45d8',1),(497,8,13,1,1,0,0,NULL,'3758a0ca-27ad-11e3-9aa3-00238b8a45d8',1),(498,8,13,0,0,0,1,NULL,'ba734cf2-27ae-11e3-9aa3-00238b8a45d8',1),(499,8,12,1,1,0,1,NULL,'ba734cf2-27ae-11e3-9aa3-00238b8a45d8',1),(500,8,12,0,1,0,1,NULL,'ba734cf2-27ae-11e3-9aa3-00238b8a45d8',1),(501,8,16,1,1,0,0,NULL,'ba734cf2-27ae-11e3-9aa3-00238b8a45d8',1),(502,8,15,1,1,0,1,NULL,'ba734cf2-27ae-11e3-9aa3-00238b8a45d8',1),(503,8,17,1,1,0,1,NULL,'ba734cf2-27ae-11e3-9aa3-00238b8a45d8',1),(504,8,17,0,1,0,1,NULL,'ba734cf2-27ae-11e3-9aa3-00238b8a45d8',1),(505,8,15,0,1,0,1,NULL,'ba734cf2-27ae-11e3-9aa3-00238b8a45d8',1),(506,8,13,1,1,0,0,NULL,'ba734cf2-27ae-11e3-9aa3-00238b8a45d8',1),(507,8,13,0,0,0,1,NULL,'14ec2874-27b0-11e3-9aa3-00238b8a45d8',1),(508,8,12,1,1,0,1,NULL,'14ec2874-27b0-11e3-9aa3-00238b8a45d8',1),(509,8,12,0,1,0,1,NULL,'14ec2874-27b0-11e3-9aa3-00238b8a45d8',1),(510,8,16,1,1,0,0,NULL,'14ec2874-27b0-11e3-9aa3-00238b8a45d8',1),(511,8,15,1,1,0,1,NULL,'14ec2874-27b0-11e3-9aa3-00238b8a45d8',1),(512,8,17,1,1,0,1,NULL,'14ec2874-27b0-11e3-9aa3-00238b8a45d8',1),(513,8,17,0,1,0,1,NULL,'14ec2874-27b0-11e3-9aa3-00238b8a45d8',1),(514,8,15,0,1,0,1,NULL,'14ec2874-27b0-11e3-9aa3-00238b8a45d8',1),(515,8,13,1,1,0,0,NULL,'14ec2874-27b0-11e3-9aa3-00238b8a45d8',1),(516,8,13,0,0,0,1,NULL,'7f2361f2-27b1-11e3-9aa3-00238b8a45d8',1),(517,8,12,1,1,0,1,NULL,'7f2361f2-27b1-11e3-9aa3-00238b8a45d8',1),(518,8,12,0,1,0,1,NULL,'7f2361f2-27b1-11e3-9aa3-00238b8a45d8',1),(519,8,16,1,1,0,0,NULL,'7f2361f2-27b1-11e3-9aa3-00238b8a45d8',1),(520,8,15,1,1,0,1,NULL,'7f2361f2-27b1-11e3-9aa3-00238b8a45d8',1),(521,8,17,1,1,0,1,NULL,'7f2361f2-27b1-11e3-9aa3-00238b8a45d8',1),(522,8,17,0,1,0,1,NULL,'7f2361f2-27b1-11e3-9aa3-00238b8a45d8',1),(523,8,15,0,1,0,1,NULL,'7f2361f2-27b1-11e3-9aa3-00238b8a45d8',1),(524,8,13,1,1,0,0,NULL,'7f2361f2-27b1-11e3-9aa3-00238b8a45d8',1),(525,8,13,0,0,0,1,NULL,'8e33855a-27b1-11e3-9aa3-00238b8a45d8',1),(526,8,12,1,1,0,1,NULL,'8e33855a-27b1-11e3-9aa3-00238b8a45d8',1),(527,8,12,0,1,0,1,NULL,'8e33855a-27b1-11e3-9aa3-00238b8a45d8',1),(528,8,16,1,1,0,0,NULL,'8e33855a-27b1-11e3-9aa3-00238b8a45d8',1),(529,8,15,1,1,0,1,NULL,'8e33855a-27b1-11e3-9aa3-00238b8a45d8',1),(530,8,17,1,1,0,1,NULL,'8e33855a-27b1-11e3-9aa3-00238b8a45d8',1),(531,8,17,0,1,0,1,NULL,'8e33855a-27b1-11e3-9aa3-00238b8a45d8',1),(532,8,15,0,1,0,1,NULL,'8e33855a-27b1-11e3-9aa3-00238b8a45d8',1),(533,8,13,1,1,0,0,NULL,'8e33855a-27b1-11e3-9aa3-00238b8a45d8',1),(534,8,13,0,0,0,1,NULL,'853c2186-27b2-11e3-9aa3-00238b8a45d8',1),(535,8,12,1,1,0,1,NULL,'853c2186-27b2-11e3-9aa3-00238b8a45d8',1),(536,8,12,0,1,0,1,NULL,'853c2186-27b2-11e3-9aa3-00238b8a45d8',1),(537,8,16,1,1,0,0,NULL,'853c2186-27b2-11e3-9aa3-00238b8a45d8',1),(538,8,15,1,1,0,1,NULL,'853c2186-27b2-11e3-9aa3-00238b8a45d8',1),(539,8,17,1,1,0,1,NULL,'853c2186-27b2-11e3-9aa3-00238b8a45d8',1),(540,8,17,0,1,0,1,NULL,'853c2186-27b2-11e3-9aa3-00238b8a45d8',1),(541,8,15,0,1,0,1,NULL,'853c2186-27b2-11e3-9aa3-00238b8a45d8',1),(542,8,13,1,1,0,0,NULL,'853c2186-27b2-11e3-9aa3-00238b8a45d8',1),(543,8,13,0,0,0,1,NULL,'c3030178-27b3-11e3-9aa3-00238b8a45d8',1),(544,8,12,1,1,0,1,NULL,'c3030178-27b3-11e3-9aa3-00238b8a45d8',1),(545,8,12,0,1,0,1,NULL,'c3030178-27b3-11e3-9aa3-00238b8a45d8',1),(546,8,16,1,1,0,0,NULL,'c3030178-27b3-11e3-9aa3-00238b8a45d8',1),(547,8,15,1,1,0,1,NULL,'c3030178-27b3-11e3-9aa3-00238b8a45d8',1),(548,8,17,1,1,0,1,NULL,'c3030178-27b3-11e3-9aa3-00238b8a45d8',1),(549,8,17,0,1,0,1,NULL,'c3030178-27b3-11e3-9aa3-00238b8a45d8',1),(550,8,15,0,1,0,1,NULL,'c3030178-27b3-11e3-9aa3-00238b8a45d8',1),(551,8,13,1,1,0,0,NULL,'c3030178-27b3-11e3-9aa3-00238b8a45d8',1),(552,8,13,0,0,0,1,NULL,'b77c6a3c-27b4-11e3-9aa3-00238b8a45d8',1),(577,8,12,1,1,0,1,NULL,'b77c6a3c-27b4-11e3-9aa3-00238b8a45d8',1),(578,8,12,0,1,0,1,NULL,'b77c6a3c-27b4-11e3-9aa3-00238b8a45d8',1),(579,8,16,1,1,0,0,NULL,'b77c6a3c-27b4-11e3-9aa3-00238b8a45d8',1),(580,8,15,1,1,0,1,NULL,'b77c6a3c-27b4-11e3-9aa3-00238b8a45d8',1),(581,8,17,1,1,0,1,NULL,'b77c6a3c-27b4-11e3-9aa3-00238b8a45d8',1),(582,8,17,0,1,0,1,NULL,'b77c6a3c-27b4-11e3-9aa3-00238b8a45d8',1),(583,8,15,0,1,0,1,NULL,'b77c6a3c-27b4-11e3-9aa3-00238b8a45d8',1),(584,8,13,1,1,0,0,NULL,'b77c6a3c-27b4-11e3-9aa3-00238b8a45d8',1),(585,8,13,0,0,0,1,NULL,'872eab26-27bc-11e3-9aa3-00238b8a45d8',1),(586,8,12,1,1,0,1,NULL,'872eab26-27bc-11e3-9aa3-00238b8a45d8',1),(587,8,12,0,1,0,1,NULL,'872eab26-27bc-11e3-9aa3-00238b8a45d8',1),(588,8,16,1,1,0,0,NULL,'872eab26-27bc-11e3-9aa3-00238b8a45d8',1),(589,8,15,1,1,0,1,NULL,'872eab26-27bc-11e3-9aa3-00238b8a45d8',1),(590,8,17,1,1,0,1,NULL,'872eab26-27bc-11e3-9aa3-00238b8a45d8',1),(591,8,17,0,1,0,1,NULL,'872eab26-27bc-11e3-9aa3-00238b8a45d8',1),(592,8,15,0,1,0,1,NULL,'872eab26-27bc-11e3-9aa3-00238b8a45d8',1),(593,8,13,1,1,0,0,NULL,'872eab26-27bc-11e3-9aa3-00238b8a45d8',1),(594,8,22,0,0,0,1,NULL,'026c9118-4036-11e3-9aa3-00238b8a45d8',1),(649,8,23,1,1,0,0,NULL,'026c9118-4036-11e3-9aa3-00238b8a45d8',1),(650,8,20,1,1,0,0,NULL,'026c9118-4036-11e3-9aa3-00238b8a45d8',1),(651,8,20,0,1,0,0,NULL,'026c9118-4036-11e3-9aa3-00238b8a45d8',1),(652,8,19,1,1,0,0,NULL,'026c9118-4036-11e3-9aa3-00238b8a45d8',1),(653,8,18,1,1,0,1,NULL,'026c9118-4036-11e3-9aa3-00238b8a45d8',1),(654,8,24,1,1,0,0,NULL,'026c9118-4036-11e3-9aa3-00238b8a45d8',1),(655,8,21,1,1,0,0,NULL,'026c9118-4036-11e3-9aa3-00238b8a45d8',1),(656,8,18,0,1,0,1,NULL,'026c9118-4036-11e3-9aa3-00238b8a45d8',1),(657,8,22,1,1,0,0,NULL,'026c9118-4036-11e3-9aa3-00238b8a45d8',1);
/*!40000 ALTER TABLE `questions` ENABLE KEYS */;
UNLOCK TABLES;

--
-- Table structure for table `statuses`
--

DROP TABLE IF EXISTS `statuses`;
/*!40101 SET @saved_cs_client     = @@character_set_client */;
/*!40101 SET character_set_client = utf8 */;
CREATE TABLE `statuses` (
  `statusID` int(11) NOT NULL AUTO_INCREMENT,
  `statusName` varchar(45) DEFAULT NULL,
  `statusType` varchar(45) DEFAULT NULL,
  PRIMARY KEY (`statusID`)
) ENGINE=InnoDB DEFAULT CHARSET=latin1;
/*!40101 SET character_set_client = @saved_cs_client */;

--
-- Dumping data for table `statuses`
--

LOCK TABLES `statuses` WRITE;
/*!40000 ALTER TABLE `statuses` DISABLE KEYS */;
/*!40000 ALTER TABLE `statuses` ENABLE KEYS */;
UNLOCK TABLES;

--
-- Table structure for table `user_session`
--

DROP TABLE IF EXISTS `user_session`;
/*!40101 SET @saved_cs_client     = @@character_set_client */;
/*!40101 SET character_set_client = utf8 */;
CREATE TABLE `user_session` (
  `id` int(11) NOT NULL AUTO_INCREMENT,
  `sessionID` varchar(45) DEFAULT NULL,
  `date` datetime DEFAULT NULL,
  `current_timestep` int(11) DEFAULT '1',
  `userid` varchar(45) DEFAULT NULL,
  PRIMARY KEY (`id`),
  KEY `Secondary` (`sessionID`)
) ENGINE=InnoDB AUTO_INCREMENT=1018 DEFAULT CHARSET=latin1;
/*!40101 SET character_set_client = @saved_cs_client */;

--
-- Dumping data for table `user_session`
--

LOCK TABLES `user_session` WRITE;
/*!40000 ALTER TABLE `user_session` DISABLE KEYS */;
INSERT INTO `user_session` VALUES (1006,'14cc1826-27a7-11e3-b999-00238b8a45d8','2013-09-27 15:00:31',1,'asdf'),(1007,'2c5bb05a-27ac-11e3-9aa3-00238b8a45d8','2013-09-27 15:36:58',1,'me'),(1008,'3758a0ca-27ad-11e3-9aa3-00238b8a45d8','2013-09-27 15:44:26',1,'me'),(1009,'ba734cf2-27ae-11e3-9aa3-00238b8a45d8','2013-09-27 15:55:15',1,'me'),(1010,'14ec2874-27b0-11e3-9aa3-00238b8a45d8','2013-09-27 16:04:56',1,'me'),(1011,'7f2361f2-27b1-11e3-9aa3-00238b8a45d8','2013-09-27 16:15:04',1,'me'),(1012,'8e33855a-27b1-11e3-9aa3-00238b8a45d8','2013-09-27 16:15:29',1,'Anonymous'),(1013,'853c2186-27b2-11e3-9aa3-00238b8a45d8','2013-09-27 16:22:24',1,'me'),(1014,'c3030178-27b3-11e3-9aa3-00238b8a45d8','2013-09-27 16:31:17',1,'me'),(1015,'b77c6a3c-27b4-11e3-9aa3-00238b8a45d8','2013-09-27 16:38:07',1,'Anonymous'),(1016,'872eab26-27bc-11e3-9aa3-00238b8a45d8','2013-09-27 17:34:02',1,'asdf'),(1017,'026c9118-4036-11e3-9aa3-00238b8a45d8','2013-10-28 21:04:06',1,'sp');
/*!40000 ALTER TABLE `user_session` ENABLE KEYS */;
UNLOCK TABLES;
/*!40103 SET TIME_ZONE=@OLD_TIME_ZONE */;

/*!40101 SET SQL_MODE=@OLD_SQL_MODE */;
/*!40014 SET FOREIGN_KEY_CHECKS=@OLD_FOREIGN_KEY_CHECKS */;
/*!40014 SET UNIQUE_CHECKS=@OLD_UNIQUE_CHECKS */;
/*!40101 SET CHARACTER_SET_CLIENT=@OLD_CHARACTER_SET_CLIENT */;
/*!40101 SET CHARACTER_SET_RESULTS=@OLD_CHARACTER_SET_RESULTS */;
/*!40101 SET COLLATION_CONNECTION=@OLD_COLLATION_CONNECTION */;
/*!40111 SET SQL_NOTES=@OLD_SQL_NOTES */;

-- Dump completed on 2013-11-06  2:41:28
